config,name,status,cycles,retired_insn,ipc,stall_if,fetch_wait,branch_flush,mem_stall,ptw_stall,il1_hit,il1_miss,dl1_hit,dl1_miss,l2_hit,l2_miss,arb_req,ram_req
nocache_d0,alu_latency,pass,2500171,750049,0.299999,12,1500111,250011,16,0,0,0,0,0,0,0,750056,750056
nocache_d0,alu_ilp,pass,2520238,800072,0.317459,12,1600157,120009,16,0,0,0,0,0,0,0,800079,800079
nocache_d0,ctrl_branch,pass,2330280,690074,0.296134,40046,1420195,220011,60060,0,0,0,0,0,0,0,710098,710098
nocache_d0,muldiv,pass,848421,28131,0.033157,768012,812275,8015,16,0,0,0,0,0,0,0,28138,28138
nocache_d0,mem_seq,pass,3042223,803657,0.264168,459132,2066442,172124,688309,0,0,0,0,0,0,0,1033095,1033095
nocache_d0,mem_random,pass,3907778,475192,0.121602,2506770,3326083,106503,319513,0,0,0,0,0,0,0,581698,581698
nocache_d0,mem_ldst,pass,1120538,307280,0.274225,167966,774335,38923,219179,0,0,0,0,0,0,0,383072,383072
nocache_d0,fp_scalar,pass,226593,65963,0.291108,16427,148290,12339,63,0,0,0,0,0,0,0,65986,65986
nocache_d0,fp_fp16,pass,254247,82013,0.322572,13,164040,8193,18,0,0,0,0,0,0,0,82021,82021
nocache_d0,neon_vect,pass,227526,66721,0.293246,16615,150058,10746,20778,0,0,0,0,0,0,0,75030,75030
nocache_d0,kernel_crc,pass,184738,56697,0.306905,14392,125474,2567,14649,0,0,0,0,0,0,0,61581,61581
nocache_d0,kernel_hash,pass,55476,6521,0.117546,35644,47654,1301,3880,0,0,0,0,0,0,0,7816,7816
nocache_d0,kernel_matmul,pass,497454,66228,0.133134,297994,422259,8967,53773,0,0,0,0,0,0,0,84154,84154
nocache_d0,kernel_sort,pass,255687,70932,0.277417,34298,176163,8592,51445,0,0,0,0,0,0,0,88082,88082
l1i_d0,alu_latency,pass,2500267,750049,0.299988,12,1500207,250011,16,0,750045,5,0,0,0,0,53,53
l1i_d0,alu_ilp,pass,2520350,800072,0.317445,12,1600269,120009,16,0,800067,6,0,0,0,0,61,61
l1i_d0,ctrl_branch,pass,2330408,690074,0.296117,40046,1420323,220011,60060,0,690068,7,0,0,0,0,20086,20086
l1i_d0,muldiv,pass,848613,28131,0.033149,768012,812467,8015,16,0,28121,11,0,0,0,0,101,101
l1i_d0,mem_seq,pass,3042335,803657,0.264158,459132,2066554,172124,688309,0,803652,6,0,0,0,0,229492,229492
l1i_d0,mem_random,pass,3907890,475192,0.121598,2506771,3326195,106503,319514,0,475187,6,0,0,0,0,106560,106560
l1i_d0,mem_ldst,pass,1120682,307280,0.27419,167966,774479,38923,219179,0,307273,8,0,0,0,0,75862,75862
l1i_d0,fp_scalar,pass,226961,65963,0.290636,16429,148658,12339,65,0,65943,22,0,0,0,0,204,204
l1i_d0,fp_fp16,pass,254407,82013,0.322369,13,164200,8193,18,0,82006,9,0,0,0,0,85,85
l1i_d0,neon_vect,pass,227782,66721,0.292916,16621,150314,10746,20784,0,66708,15,0,0,0,0,8434,8434
l1i_d0,kernel_crc,pass,184898,56697,0.306639,14392,125634,2567,14649,0,56689,9,0,0,0,0,4962,4962
l1i_d0,kernel_hash,pass,55556,6521,0.117377,35644,47734,1301,3880,0,6518,4,0,0,0,0,1333,1333
l1i_d0,kernel_matmul,pass,497566,66228,0.133104,297994,422371,8967,53773,0,66223,6,0,0,0,0,17980,17980
l1i_d0,kernel_sort,pass,255767,70932,0.277331,34298,176243,8592,51445,0,70929,4,0,0,0,0,17188,17188
l1d_d0,alu_latency,pass,2500195,750049,0.299996,36,1500135,250011,40,0,0,0,1,1,0,0,750062,750062
l1d_d0,alu_ilp,pass,2520262,800072,0.317456,36,1600181,120009,40,0,0,0,1,1,0,0,800085,800085
l1d_d0,ctrl_branch,pass,2330338,690074,0.296126,40104,1420253,220011,60118,0,0,0,20008,2,0,0,690104,690104
l1d_d0,muldiv,pass,848445,28131,0.033156,768036,812299,8015,40,0,0,0,1,1,0,0,28144,28144
l1d_d0,mem_seq,pass,3469043,803657,0.231665,885952,2493262,172124,1115129,0,0,0,102386,12337,0,0,1017068,1017068
l1d_d0,mem_random,timeout,5000000,447581,0.089516,3677883,4449860,102558,1746892,0,0,0,5435,88927,0,0,1167193,1167193
l1d_d0,mem_ldst,pass,1255802,307280,0.244688,303230,909599,38923,354443,0,0,0,36866,4101,0,0,374913,374913
l1d_d0,fp_scalar,pass,226647,65963,0.291038,16481,148344,12339,117,0,0,0,1,1,0,0,65992,65992
l1d_d0,fp_fp16,pass,254273,82013,0.322539,39,164066,8193,44,0,0,0,0,1,0,0,82028,82028
l1d_d0,neon_vect,pass,235918,66721,0.282814,25007,158450,10746,29170,0,0,0,4181,10,0,0,70919,70919
l1d_d0,kernel_crc,pass,186372,56697,0.304214,16026,127108,2567,16283,0,0,0,4332,38,0,0,57515,57515
l1d_d0,kernel_hash,pass,56090,6521,0.11626,36258,48268,1301,4494,0,0,0,1029,6,0,0,6829,6829
l1d_d0,kernel_matmul,pass,500292,66228,0.132379,300832,425097,8967,56611,0,0,0,16849,49,0,0,67648,67648
l1d_d0,kernel_sort,pass,272917,70932,0.259903,51528,193393,8592,68675,0,0,0,8569,5,0,0,79548,79548
l1id_d0,alu_latency,pass,2500291,750049,0.299985,36,1500231,250011,40,0,750045,5,1,1,0,0,59,59
l1id_d0,alu_ilp,pass,2520374,800072,0.317442,36,1600293,120009,40,0,800067,6,1,1,0,0,67,67
l1id_d0,ctrl_branch,pass,2330466,690074,0.29611,40104,1420381,220011,60118,0,690068,7,20008,2,0,0,92,92
l1id_d0,muldiv,pass,848637,28131,0.033148,768036,812491,8015,40,0,28121,11,1,1,0,0,107,107
l1id_d0,mem_seq,pass,3469155,803657,0.231658,885952,2493374,172124,1115129,0,803652,6,102386,12337,0,0,213465,213465
l1id_d0,mem_random,timeout,5000000,447574,0.089515,3677807,4449868,102557,1746873,0,447570,5,5435,88926,0,0,719650,719650
l1id_d0,mem_ldst,pass,1255946,307280,0.24466,303230,909743,38923,354443,0,307273,8,36866,4101,0,0,67703,67703
l1id_d0,fp_scalar,pass,227011,65963,0.290572,16481,148708,12339,117,0,65943,22,1,1,0,0,210,210
l1id_d0,fp_fp16,pass,254433,82013,0.322336,39,164226,8193,44,0,82006,9,0,1,0,0,92,92
l1id_d0,neon_vect,pass,236152,66721,0.282534,25007,158684,10746,29170,0,66708,15,4181,10,0,0,4323,4323
l1id_d0,kernel_crc,pass,186532,56697,0.303953,16026,127268,2567,16283,0,56689,9,4332,38,0,0,896,896
l1id_d0,kernel_hash,pass,56170,6521,0.116094,36258,48348,1301,4494,0,6518,4,1029,6,0,0,346,346
l1id_d0,kernel_matmul,pass,500404,66228,0.132349,300832,425209,8967,56611,0,66223,6,16849,49,0,0,1474,1474
l1id_d0,kernel_sort,pass,272997,70932,0.259827,51528,193473,8592,68675,0,70929,4,8569,5,0,0,8654,8654
l1id_l2_d0,alu_latency,pass,2500411,750049,0.29997,60,1500351,250011,64,0,750045,5,1,1,49,6,59,60
l1id_l2_d0,alu_ilp,pass,2520510,800072,0.317425,60,1600429,120009,64,0,800067,6,1,1,56,7,67,68
l1id_l2_d0,ctrl_branch,pass,2330652,690074,0.296086,40162,1420567,220011,60176,0,690068,7,20008,2,70,9,92,93
l1id_l2_d0,muldiv,pass,848853,28131,0.03314,768060,812707,8015,64,0,28121,11,1,1,91,12,107,108
l1id_l2_d0,mem_seq,pass,3862695,803657,0.208056,1279380,2886914,172124,1508557,0,803652,6,102386,12337,88495,10256,213465,196770
l1id_l2_d0,mem_random,timeout,5000000,398516,0.079703,3817876,4505935,95548,2342495,0,398512,5,5036,82317,614453,44130,666778,361243
l1id_l2_d0,mem_ldst,pass,1329866,307280,0.231061,377006,983663,38923,428219,0,307273,8,36866,4101,32613,266,67703,36960
l1id_l2_d0,fp_scalar,pass,227433,65963,0.290033,16567,149130,12339,203,0,65943,22,1,1,168,23,210,211
l1id_l2_d0,fp_fp16,pass,254619,82013,0.322101,65,164412,8193,70,0,82006,9,0,1,77,10,92,93
l1id_l2_d0,neon_vect,pass,244784,66721,0.272571,33415,167316,10746,37578,0,66708,15,4181,10,183,24,4323,4316
l1id_l2_d0,kernel_crc,pass,188310,56697,0.301083,17644,129046,2567,17901,0,56689,9,4332,38,337,46,896,889
l1id_l2_d0,kernel_hash,pass,56848,6521,0.114709,36856,49026,1301,5092,0,6518,4,1029,6,78,9,346,339
l1id_l2_d0,kernel_matmul,pass,503354,66228,0.131573,303670,428159,8967,59449,0,66223,6,16849,49,392,55,1474,1475
l1id_l2_d0,kernel_sort,pass,290307,70932,0.244334,68758,210783,8592,85905,0,70929,4,8569,5,70,9,8654,8655
nocache_d1,alu_latency,pass,4000283,750049,0.187499,32,3000223,250011,36,0,0,0,0,0,0,0,750056,750055
nocache_d1,alu_ilp,pass,4120396,800072,0.194174,32,3200315,120009,36,0,0,0,0,0,0,0,800079,800078
nocache_d1,ctrl_branch,pass,3750476,690074,0.183996,120120,2840391,220011,140134,0,0,0,0,0,0,0,710098,710097
nocache_d1,muldiv,pass,880697,28131,0.031942,768032,844551,8015,36,0,0,0,0,0,0,0,28138,28137
nocache_d1,mem_seq,timeout,5000000,787714,0.157543,1338620,4043348,168937,1561424,0,0,0,0,0,0,0,1010776,1010776
nocache_d1,mem_random,timeout,5000000,474797,0.094959,2928841,4418756,106446,745112,0,0,0,0,0,0,0,581243,581243
nocache_d1,mem_ldst,pass,1886682,307280,0.162868,454742,1540479,38923,505955,0,0,0,0,0,0,0,383072,383071
nocache_d1,fp_scalar,pass,358434,65963,0.184031,16510,280131,12339,147,0,0,0,0,0,0,0,65985,65984
nocache_d1,fp_fp16,pass,418286,82013,0.196069,36,328079,8193,42,0,0,0,0,0,0,0,82020,82019
nocache_d1,neon_vect,pass,377583,66721,0.176706,41556,300115,10746,45720,0,0,0,0,0,0,0,75029,75028
nocache_d1,kernel_crc,pass,307900,56697,0.184141,33924,248636,2567,34181,0,0,0,0,0,0,0,61581,61580
nocache_d1,kernel_hash,pass,69042,6521,0.09445,40816,61220,1301,9052,0,0,0,0,0,0,0,7816,7815
nocache_d1,kernel_matmul,pass,649378,66228,0.101987,369690,574183,8967,125469,0,0,0,0,0,0,0,84154,84153
nocache_d1,kernel_sort,pass,431851,70932,0.164251,102890,352327,8592,120037,0,0,0,0,0,0,0,88082,88081
nocache_d2,alu_latency,timeout,5000000,647073,0.129415,16,4137240,215687,17,0,0,0,0,0,0,0,647075,647075
nocache_d2,alu_ilp,timeout,5000000,691402,0.13828,16,4199458,109140,17,0,0,0,0,0,0,0,691404,691404
nocache_d2,ctrl_branch,timeout,5000000,668403,0.133681,181689,4119709,211887,198989,0,0,0,0,0,0,0,685711,685711
nocache_d2,muldiv,pass,910270,28131,0.030904,768047,874124,8015,51,0,0,0,0,0,0,0,28138,28137
nocache_d2,mem_seq,timeout,5000000,562166,0.112433,1441690,4317885,119948,1585920,0,0,0,0,0,0,0,706654,706653
nocache_d2,mem_random,timeout,5000000,407881,0.081576,2652753,4495232,96886,1090402,0,0,0,0,0,0,0,504768,504768
nocache_d2,mem_ldst,pass,2686449,307280,0.114381,756597,2340246,38923,807810,0,0,0,0,0,0,0,383072,383071
nocache_d2,fp_scalar,pass,507274,65963,0.130034,16599,428971,12339,236,0,0,0,0,0,0,0,65985,65984
nocache_d2,fp_fp16,pass,597568,82013,0.137245,66,507361,8193,72,0,0,0,0,0,0,0,82020,82019
nocache_d2,neon_vect,pass,524132,66721,0.127298,68198,446664,10746,72362,0,0,0,0,0,0,0,75029,75028
nocache_d2,kernel_crc,pass,426973,56697,0.132788,52308,367709,2567,52565,0,0,0,0,0,0,0,61581,61580
nocache_d2,kernel_hash,pass,83266,6521,0.078315,46162,75444,1301,14398,0,0,0,0,0,0,0,7816,7815
nocache_d2,kernel_matmul,pass,805114,66228,0.082259,444565,729919,8967,200344,0,0,0,0,0,0,0,84154,84153
nocache_d2,kernel_sort,pass,614262,70932,0.115475,173722,534738,8592,190869,0,0,0,0,0,0,0,88082,88081
fullcache_d1,alu_latency,pass,2500531,750049,0.299956,84,1500471,250011,88,0,750045,5,1,1,49,6,59,60
fullcache_d1,alu_ilp,pass,2520646,800072,0.317408,84,1600565,120009,88,0,800067,6,1,1,56,7,67,68
fullcache_d1,ctrl_branch,pass,2330838,690074,0.296063,40220,1420753,220011,60234,0,690068,7,20008,2,70,9,92,93
fullcache_d1,muldiv,pass,849069,28131,0.033132,768084,812923,8015,88,0,28121,11,1,1,91,12,107,108
fullcache_d1,mem_seq,pass,4256235,803657,0.188819,1672808,3280454,172124,1901985,0,803652,6,102386,12337,88495,10256,213465,196770
fullcache_d1,mem_random,timeout,5000000,356074,0.071215,3939044,4554440,89485,2857758,0,356070,5,4685,76605,571801,41082,621078,336859
fullcache_d1,mem_ldst,pass,1403786,307280,0.218894,450782,1057583,38923,501995,0,307273,8,36866,4101,32613,266,67703,36960
fullcache_d1,fp_scalar,pass,227855,65963,0.289496,16653,149552,12339,289,0,65943,22,1,1,168,23,210,211
fullcache_d1,fp_fp16,pass,254805,82013,0.321866,91,164598,8193,96,0,82006,9,0,1,77,10,92,93
fullcache_d1,neon_vect,pass,253416,66721,0.263286,41823,175948,10746,45986,0,66708,15,4181,10,183,24,4323,4316
fullcache_d1,kernel_crc,pass,190088,56697,0.298267,19262,130824,2567,19519,0,56689,9,4332,38,337,46,896,889
fullcache_d1,kernel_hash,pass,57526,6521,0.113357,37454,49704,1301,5690,0,6518,4,1029,6,78,9,346,339
fullcache_d1,kernel_matmul,pass,506304,66228,0.130807,306508,431109,8967,62287,0,66223,6,16849,49,392,55,1474,1475
fullcache_d1,kernel_sort,pass,307617,70932,0.230585,85988,228093,8592,103135,0,70929,4,8569,5,70,9,8654,8655
fullcache_d2,alu_latency,pass,2500651,750049,0.299941,111,1500591,250011,115,0,750045,5,1,1,49,6,59,60
fullcache_d2,alu_ilp,pass,2520783,800072,0.31739,106,1600702,120009,110,0,800067,6,1,1,56,7,67,68
fullcache_d2,ctrl_branch,pass,2330995,690074,0.296043,40266,1420910,220011,60280,0,690068,7,20008,2,70,9,92,93
fullcache_d2,muldiv,pass,849271,28131,0.033124,768113,813125,8015,117,0,28121,11,1,1,91,12,107,108
fullcache_d2,mem_seq,pass,4608436,803657,0.174388,2024907,3632655,172124,2254084,0,803652,6,102386,12337,88495,10256,213465,196770
fullcache_d2,mem_random,timeout,5000000,319908,0.063982,4042292,4595772,84319,3296853,0,319904,5,4383,71740,535467,38500,582162,316203
fullcache_d2,mem_ldst,pass,1493457,307280,0.205751,540318,1147254,38923,591531,0,307273,8,36866,4101,32613,266,67703,36960
fullcache_d2,fp_scalar,pass,228238,65963,0.28901,16734,149935,12339,370,0,65943,22,1,1,168,23,210,211
fullcache_d2,fp_fp16,pass,254981,82013,0.321644,125,164774,8193,130,0,82006,9,0,1,77,10,92,93
fullcache_d2,neon_vect,pass,262306,66721,0.254363,50494,184838,10746,54657,0,66708,15,4181,10,183,24,4323,4316
fullcache_d2,kernel_crc,pass,191715,56697,0.295736,20744,132451,2567,21001,0,56689,9,4332,38,337,46,896,889
fullcache_d2,kernel_hash,pass,58077,6521,0.112282,37928,50255,1301,6164,0,6518,4,1029,6,78,9,346,339
fullcache_d2,kernel_matmul,pass,509256,66228,0.130049,309358,434061,8967,65137,0,66223,6,16849,49,392,55,1474,1475
fullcache_d2,kernel_sort,pass,328035,70932,0.216233,106347,248511,8592,123494,0,70929,4,8569,5,70,9,8654,8655
