config,base_config,fifo,fetch_fifo_enable,fetch_fifo_depth,I_L1,D_L1,L2,MEM_DELAY_MODE,measurement_source_sha,commit_digest_schema,source_sha256,image_sha256,name,status,cycles,retired_insn,ipc,commit_digest,memory_digest,committed_memory_effects,stall_if,fetch_wait,branch_flush,mem_stall,ptw_stall,il1_hit,il1_miss,dl1_hit,dl1_miss,l2_hit,l2_miss,arb_req,ram_req,fetch_epoch_bumps,fetch_epoch_final,fetch_fifo_occupancy_max,fetch_fifo_peak_signal_max,fetch_fifo_push,fetch_fifo_pop,fetch_fifo_flush,fetch_stale_drop,fetch_stale_drain_cycles,fetch_fifo_overflow
nocache_d0_f0,nocache_d0,f0,0,2,0,0,0,0,f0edcd2528c01520eb4e4922266a7913c5c7539b,lcvex-commit-digest-v2-active-payload,6a42e7f5725dc0c21e3b4c53818dc7b444fb74c71836272e57549ce5dd2fada2,fd70bfab998b564fd78b6dddd0e29ec3814f31409118868c50511cfb3cae6b4b,alu_latency,pass,2500171,750049,0.299999,ab7d672bf0489762,0dd7f555d8ef95bf,4,12,1500111,250011,16,0,0,0,0,0,0,0,750056,750056,0,0,0,0,0,0,0,0,0,0
nocache_d0_f0,nocache_d0,f0,0,2,0,0,0,0,f0edcd2528c01520eb4e4922266a7913c5c7539b,lcvex-commit-digest-v2-active-payload,ee5071f2ea85d04c7605e0f388bc3c441052f7167891c3f1fc323f8c42ba30fe,0b5bcd16c774981a81fed5126ab94511a5e514a222b7bafb6c84cee39506bc03,alu_ilp,pass,2520238,800072,0.317459,aadc4a0cbd347f6f,fe4b1964ce21abdf,4,12,1600157,120009,16,0,0,0,0,0,0,0,800079,800079,0,0,0,0,0,0,0,0,0,0
nocache_d0_f0,nocache_d0,f0,0,2,0,0,0,0,f0edcd2528c01520eb4e4922266a7913c5c7539b,lcvex-commit-digest-v2-active-payload,d7833e3308a67e3dac8fd2a709fa09fa4515f962d05c6d50b9a38b37ef7239a9,e193e924e846b0102cf58740dace1021d476fb6cdf56c732ec6d4a00a4f42890,ctrl_branch,pass,2330280,690074,0.296134,a555baec3f932af5,0617c8083a02b214,13,40046,1420195,220011,60060,0,0,0,0,0,0,0,710098,710098,0,0,0,0,0,0,0,0,0,0
nocache_d0_f0,nocache_d0,f0,0,2,0,0,0,0,f0edcd2528c01520eb4e4922266a7913c5c7539b,lcvex-commit-digest-v2-active-payload,15fd905d138a6df8354b7de56ac4d0a6571255e811da4bda28c623306ddd04b1,8ffba56ab71aef16093baaabe809ae1077cf7dc87b1728cf7a306b405bcbee4f,muldiv,pass,848421,28131,0.033157,3e32aa67b5b00284,2f8508123d7fffb6,4,768012,812275,8015,16,0,0,0,0,0,0,0,28138,28138,0,0,0,0,0,0,0,0,0,0
nocache_d0_f0,nocache_d0,f0,0,2,0,0,0,0,f0edcd2528c01520eb4e4922266a7913c5c7539b,lcvex-commit-digest-v2-active-payload,91908b5c9bdb76219fb9c6e1e0315b90eb4572c2294ffaeed36559f5e10cf5a1,92c4cf43107a173345475b6ced3048356a6a1f56a4bacbe563e2a5eddf5b9527,mem_seq,pass,3042223,803657,0.264168,46e5ead18aa77a80,6b40dea7a6ade5c3,114714,459132,2066442,172124,688309,0,0,0,0,0,0,0,1033095,1033095,0,0,0,0,0,0,0,0,0,0
nocache_d0_f0,nocache_d0,f0,0,2,0,0,0,0,f0edcd2528c01520eb4e4922266a7913c5c7539b,lcvex-commit-digest-v2-active-payload,a22a6581ca83718f4469eb6d2963301b70aad6f154d968a5ed1d14f76c17a012,587353343730b0048d3c5fb51f3427d0720bf16b47bcc867790019daf049739e,mem_random,pass,3907778,475192,0.121602,dbf7d5db29bb57c7,4e707e98e0c89190,8197,2506770,3326083,106503,319513,0,0,0,0,0,0,0,581698,581698,0,0,0,0,0,0,0,0,0,0
nocache_d0_f0,nocache_d0,f0,0,2,0,0,0,0,f0edcd2528c01520eb4e4922266a7913c5c7539b,lcvex-commit-digest-v2-active-payload,9677a27db2ff1bdd5c3c1265859d0a4e3d2e2e982c5de578f9c6b3ddd6967bdb,7c5d126f2e5f91595151f55118733d0eb9dad8c852b20c4ea36b261f144e09f8,mem_ldst,pass,1120538,307280,0.274225,6205aef83a11b461,b536144c404de75f,34824,167966,774335,38923,219179,0,0,0,0,0,0,0,383072,383072,0,0,0,0,0,0,0,0,0,0
nocache_d0_f0,nocache_d0,f0,0,2,0,0,0,0,f0edcd2528c01520eb4e4922266a7913c5c7539b,lcvex-commit-digest-v2-active-payload,43f052447435fd53aaac2e950fa164d70ad3ec330184391c7fc51dece42b1e24,49fb782bb39c54c13ec9d34b1c028a749347fbc86c1a0b1a36aeca8e9fb5ac70,fp_scalar,pass,226593,65963,0.291108,b0efde5ed79308a1,4078dabba91c60f0,19,16427,148290,12339,63,0,0,0,0,0,0,0,65986,65986,0,0,0,0,0,0,0,0,0,0
nocache_d0_f0,nocache_d0,f0,0,2,0,0,0,0,f0edcd2528c01520eb4e4922266a7913c5c7539b,lcvex-commit-digest-v2-active-payload,7af526c8bceda1a75a49a3966ddd2ea2d3a4250d0cb308eea370d8a37e10a164,e868b221ba0f6d069e08fd29e26aeed380346c54c140ceae23725d2cd4feb98f,fp_fp16,pass,254247,82013,0.322572,34d6e3bf9d8ba016,a8dddf1e0170212e,5,13,164040,8193,18,0,0,0,0,0,0,0,82021,82021,0,0,0,0,0,0,0,0,0,0
nocache_d0_f0,nocache_d0,f0,0,2,0,0,0,0,f0edcd2528c01520eb4e4922266a7913c5c7539b,lcvex-commit-digest-v2-active-payload,50503906eac74f96b4f66ac6bd268a5b8ad213619ef3aaa24c24a59132f6eba3,6ebbd4c33bce14151a78f318bb2a352f496f9def93b6cdd417b91d057db1f7bf,neon_vect,pass,227526,66721,0.293246,5c1d4f0a0f31cfe7,3ba6dea5f6c76128,4116,16615,150058,10746,20778,0,0,0,0,0,0,0,75030,75030,0,0,0,0,0,0,0,0,0,0
nocache_d0_f0,nocache_d0,f0,0,2,0,0,0,0,f0edcd2528c01520eb4e4922266a7913c5c7539b,lcvex-commit-digest-v2-active-payload,fbac71a9245c9c9e8db76a55a9902403837768807c151238d9276d886231762a,a22f6ceaffd2b2c84c7bf85a875c5f1844b7d3d254818aea5fbb0d0f8b2362bc,kernel_crc,pass,184738,56697,0.306905,05d1f1a49f7166fe,4b7827dca661ce52,513,14392,125474,2567,14649,0,0,0,0,0,0,0,61581,61581,0,0,0,0,0,0,0,0,0,0
nocache_d0_f0,nocache_d0,f0,0,2,0,0,0,0,f0edcd2528c01520eb4e4922266a7913c5c7539b,lcvex-commit-digest-v2-active-payload,cb582ed68582f9a3b3e5ef1eb386e98e0557da56ab12dcac0b535085ed381375,e800011683cc5415427fbd451d41488be7051910b4abfb3c76c4082e59b42a58,kernel_hash,pass,55476,6521,0.117546,a15e1ee633376e4e,382ce89b02dbde6a,259,35644,47654,1301,3880,0,0,0,0,0,0,0,7816,7816,0,0,0,0,0,0,0,0,0,0
nocache_d0_f0,nocache_d0,f0,0,2,0,0,0,0,f0edcd2528c01520eb4e4922266a7913c5c7539b,lcvex-commit-digest-v2-active-payload,1606fdfe0ce13e2c536aba641c075539fd5f99e6f856f4c75905280ea41811f5,591f07d83da50b47ba57760f75e2fffe40c0dfd0c3821973c300b7c7ae03a8c4,kernel_matmul,pass,497454,66228,0.133134,ac56427433c7ab4b,e3eaeae9367bd84c,1027,297994,422259,8967,53773,0,0,0,0,0,0,0,84154,84154,0,0,0,0,0,0,0,0,0,0
nocache_d0_f0,nocache_d0,f0,0,2,0,0,0,0,f0edcd2528c01520eb4e4922266a7913c5c7539b,lcvex-commit-digest-v2-active-payload,e5b91adc9211d485cb0ab8e8961ec8d5af7a548874c124b767dd7f3b880d4e4d,184eb6e1d8ad80234110b30972e6f60cee240db23d210871690270b9d70518d5,kernel_sort,pass,255687,70932,0.277417,42cdde3e7dbc488f,d19864be4fb8646a,8575,34298,176163,8592,51445,0,0,0,0,0,0,0,88082,88082,0,0,0,0,0,0,0,0,0,0
nocache_d0_f1a,nocache_d0,f1a,1,2,0,0,0,0,f0edcd2528c01520eb4e4922266a7913c5c7539b,lcvex-commit-digest-v2-active-payload,6a42e7f5725dc0c21e3b4c53818dc7b444fb74c71836272e57549ce5dd2fada2,fd70bfab998b564fd78b6dddd0e29ec3814f31409118868c50511cfb3cae6b4b,alu_latency,pass,2000152,750049,0.374996,ab7d672bf0489762,0dd7f555d8ef95bf,4,15,750050,250011,18,0,0,0,0,0,0,0,750056,750056,250011,155,1,1,750050,750050,250011,0,0,0
nocache_d0_f1a,nocache_d0,f1a,1,2,0,0,0,0,f0edcd2528c01520eb4e4922266a7913c5c7539b,lcvex-commit-digest-v2-active-payload,ee5071f2ea85d04c7605e0f388bc3c441052f7167891c3f1fc323f8c42ba30fe,0b5bcd16c774981a81fed5126ab94511a5e514a222b7bafb6c84cee39506bc03,alu_ilp,pass,1840186,800072,0.434778,aadc4a0cbd347f6f,fe4b1964ce21abdf,4,15,800073,120009,18,0,0,0,0,0,0,0,800079,800079,120009,201,1,1,800073,800073,120009,0,0,0
nocache_d0_f1a,nocache_d0,f1a,1,2,0,0,0,0,f0edcd2528c01520eb4e4922266a7913c5c7539b,lcvex-commit-digest-v2-active-payload,d7833e3308a67e3dac8fd2a709fa09fa4515f962d05c6d50b9a38b37ef7239a9,e193e924e846b0102cf58740dace1021d476fb6cdf56c732ec6d4a00a4f42890,ctrl_branch,pass,1880247,690074,0.367012,a555baec3f932af5,0617c8083a02b214,13,60060,690075,220011,80068,0,0,0,0,0,0,0,710098,710098,220011,107,1,1,690075,690075,220011,0,0,0
nocache_d0_f1a,nocache_d0,f1a,1,2,0,0,0,0,f0edcd2528c01520eb4e4922266a7913c5c7539b,lcvex-commit-digest-v2-active-payload,15fd905d138a6df8354b7de56ac4d0a6571255e811da4bda28c623306ddd04b1,8ffba56ab71aef16093baaabe809ae1077cf7dc87b1728cf7a306b405bcbee4f,muldiv,pass,828336,28131,0.033961,3e32aa67b5b00284,2f8508123d7fffb6,4,768015,28132,8015,18,0,0,0,0,0,0,0,28138,28138,8015,79,2,2,28132,28132,8015,0,0,0
nocache_d0_f1a,nocache_d0,f1a,1,2,0,0,0,0,f0edcd2528c01520eb4e4922266a7913c5c7539b,lcvex-commit-digest-v2-active-payload,91908b5c9bdb76219fb9c6e1e0315b90eb4572c2294ffaeed36559f5e10cf5a1,92c4cf43107a173345475b6ced3048356a6a1f56a4bacbe563e2a5eddf5b9527,mem_seq,pass,2582890,803657,0.311146,46e5ead18aa77a80,6b40dea7a6ade5c3,114714,745903,803658,172124,860372,0,0,0,0,0,0,0,1033095,1033095,172124,92,2,2,803658,803658,172124,0,0,0
nocache_d0_f1a,nocache_d0,f1a,1,2,0,0,0,0,f0edcd2528c01520eb4e4922266a7913c5c7539b,lcvex-commit-digest-v2-active-payload,a22a6581ca83718f4469eb6d2963301b70aad6f154d968a5ed1d14f76c17a012,587353343730b0048d3c5fb51f3427d0720bf16b47bcc867790019daf049739e,mem_random,pass,3604636,475192,0.131828,dbf7d5db29bb57c7,4e707e98e0c89190,8197,2613271,475193,106503,426013,0,0,0,0,0,0,0,581698,581698,106503,7,2,2,475193,475193,106503,0,0,0
nocache_d0_f1a,nocache_d0,f1a,1,2,0,0,0,0,f0edcd2528c01520eb4e4922266a7913c5c7539b,lcvex-commit-digest-v2-active-payload,9677a27db2ff1bdd5c3c1265859d0a4e3d2e2e982c5de578f9c6b3ddd6967bdb,7c5d126f2e5f91595151f55118733d0eb9dad8c852b20c4ea36b261f144e09f8,mem_ldst,pass,903400,307280,0.340137,6205aef83a11b461,b536144c404de75f,34824,256041,307281,38923,286770,0,0,0,0,0,0,0,383072,383072,38923,11,2,2,307281,307281,38923,0,0,0
nocache_d0_f1a,nocache_d0,f1a,1,2,0,0,0,0,f0edcd2528c01520eb4e4922266a7913c5c7539b,lcvex-commit-digest-v2-active-payload,43f052447435fd53aaac2e950fa164d70ad3ec330184391c7fc51dece42b1e24,49fb782bb39c54c13ec9d34b1c028a749347fbc86c1a0b1a36aeca8e9fb5ac70,fp_scalar,pass,173026,65963,0.381232,b0efde5ed79308a1,4078dabba91c60f0,19,16447,65966,12339,82,0,0,0,0,0,0,0,65987,65987,12340,52,2,2,65965,65964,12340,1,0,0
nocache_d0_f1a,nocache_d0,f1a,1,2,0,0,0,0,f0edcd2528c01520eb4e4922266a7913c5c7539b,lcvex-commit-digest-v2-active-payload,7af526c8bceda1a75a49a3966ddd2ea2d3a4250d0cb308eea370d8a37e10a164,e868b221ba0f6d069e08fd29e26aeed380346c54c140ceae23725d2cd4feb98f,fp_fp16,pass,180441,82013,0.454514,34d6e3bf9d8ba016,a8dddf1e0170212e,5,18,82016,8193,22,0,0,0,0,0,0,0,82022,82022,8194,2,1,1,82015,82014,8194,1,0,0
nocache_d0_f1a,nocache_d0,f1a,1,2,0,0,0,0,f0edcd2528c01520eb4e4922266a7913c5c7539b,lcvex-commit-digest-v2-active-payload,50503906eac74f96b4f66ac6bd268a5b8ad213619ef3aaa24c24a59132f6eba3,6ebbd4c33bce14151a78f318bb2a352f496f9def93b6cdd417b91d057db1f7bf,neon_vect,pass,175737,66721,0.379664,5c1d4f0a0f31cfe7,3ba6dea5f6c76128,4116,18169,66724,10746,22331,0,0,0,0,0,0,0,75031,75031,10747,251,1,1,66723,66722,10747,1,0,0
nocache_d0_f1a,nocache_d0,f1a,1,2,0,0,0,0,f0edcd2528c01520eb4e4922266a7913c5c7539b,lcvex-commit-digest-v2-active-payload,fbac71a9245c9c9e8db76a55a9902403837768807c151238d9276d886231762a,a22f6ceaffd2b2c84c7bf85a875c5f1844b7d3d254818aea5fbb0d0f8b2362bc,kernel_crc,pass,133201,56697,0.42565,05d1f1a49f7166fe,4b7827dca661ce52,513,21331,56698,2567,19531,0,0,0,0,0,0,0,61581,61581,2567,7,2,2,56698,56698,2567,0,0,0
nocache_d0_f1a,nocache_d0,f1a,1,2,0,0,0,0,f0edcd2528c01520eb4e4922266a7913c5c7539b,lcvex-commit-digest-v2-active-payload,cb582ed68582f9a3b3e5ef1eb386e98e0557da56ab12dcac0b535085ed381375,e800011683cc5415427fbd451d41488be7051910b4abfb3c76c4082e59b42a58,kernel_hash,pass,51563,6521,0.126467,a15e1ee633376e4e,382ce89b02dbde6a,259,37968,6522,1301,5170,0,0,0,0,0,0,0,7816,7816,1301,21,2,2,6522,6522,1301,0,0,0
nocache_d0_f1a,nocache_d0,f1a,1,2,0,0,0,0,f0edcd2528c01520eb4e4922266a7913c5c7539b,lcvex-commit-digest-v2-active-payload,1606fdfe0ce13e2c536aba641c075539fd5f99e6f856f4c75905280ea41811f5,591f07d83da50b47ba57760f75e2fffe40c0dfd0c3821973c300b7c7ae03a8c4,kernel_matmul,pass,451630,66228,0.146642,ac56427433c7ab4b,e3eaeae9367bd84c,1027,316428,66229,8967,71695,0,0,0,0,0,0,0,84154,84154,8967,7,2,2,66229,66229,8967,0,0,0
nocache_d0_f1a,nocache_d0,f1a,1,2,0,0,0,0,f0edcd2528c01520eb4e4922266a7913c5c7539b,lcvex-commit-digest-v2-active-payload,e5b91adc9211d485cb0ab8e8961ec8d5af7a548874c124b767dd7f3b880d4e4d,184eb6e1d8ad80234110b30972e6f60cee240db23d210871690270b9d70518d5,kernel_sort,pass,227391,70932,0.311938,42cdde3e7dbc488f,d19864be4fb8646a,8575,51448,70933,8592,68338,0,0,0,0,0,0,0,88082,88082,8592,144,1,1,70933,70933,8592,0,0,0
l1i_d0_f0,l1i_d0,f0,0,2,1,0,0,0,f0edcd2528c01520eb4e4922266a7913c5c7539b,lcvex-commit-digest-v2-active-payload,6a42e7f5725dc0c21e3b4c53818dc7b444fb74c71836272e57549ce5dd2fada2,fd70bfab998b564fd78b6dddd0e29ec3814f31409118868c50511cfb3cae6b4b,alu_latency,pass,2500267,750049,0.299988,ab7d672bf0489762,0dd7f555d8ef95bf,4,12,1500207,250011,16,0,750045,5,0,0,0,0,53,53,0,0,0,0,0,0,0,0,0,0
l1i_d0_f0,l1i_d0,f0,0,2,1,0,0,0,f0edcd2528c01520eb4e4922266a7913c5c7539b,lcvex-commit-digest-v2-active-payload,ee5071f2ea85d04c7605e0f388bc3c441052f7167891c3f1fc323f8c42ba30fe,0b5bcd16c774981a81fed5126ab94511a5e514a222b7bafb6c84cee39506bc03,alu_ilp,pass,2520350,800072,0.317445,aadc4a0cbd347f6f,fe4b1964ce21abdf,4,12,1600269,120009,16,0,800067,6,0,0,0,0,61,61,0,0,0,0,0,0,0,0,0,0
l1i_d0_f0,l1i_d0,f0,0,2,1,0,0,0,f0edcd2528c01520eb4e4922266a7913c5c7539b,lcvex-commit-digest-v2-active-payload,d7833e3308a67e3dac8fd2a709fa09fa4515f962d05c6d50b9a38b37ef7239a9,e193e924e846b0102cf58740dace1021d476fb6cdf56c732ec6d4a00a4f42890,ctrl_branch,pass,2330408,690074,0.296117,a555baec3f932af5,0617c8083a02b214,13,40046,1420323,220011,60060,0,690068,7,0,0,0,0,20086,20086,0,0,0,0,0,0,0,0,0,0
l1i_d0_f0,l1i_d0,f0,0,2,1,0,0,0,f0edcd2528c01520eb4e4922266a7913c5c7539b,lcvex-commit-digest-v2-active-payload,15fd905d138a6df8354b7de56ac4d0a6571255e811da4bda28c623306ddd04b1,8ffba56ab71aef16093baaabe809ae1077cf7dc87b1728cf7a306b405bcbee4f,muldiv,pass,848613,28131,0.033149,3e32aa67b5b00284,2f8508123d7fffb6,4,768012,812467,8015,16,0,28121,11,0,0,0,0,101,101,0,0,0,0,0,0,0,0,0,0
l1i_d0_f0,l1i_d0,f0,0,2,1,0,0,0,f0edcd2528c01520eb4e4922266a7913c5c7539b,lcvex-commit-digest-v2-active-payload,91908b5c9bdb76219fb9c6e1e0315b90eb4572c2294ffaeed36559f5e10cf5a1,92c4cf43107a173345475b6ced3048356a6a1f56a4bacbe563e2a5eddf5b9527,mem_seq,pass,3042335,803657,0.264158,46e5ead18aa77a80,6b40dea7a6ade5c3,114714,459132,2066554,172124,688309,0,803652,6,0,0,0,0,229492,229492,0,0,0,0,0,0,0,0,0,0
l1i_d0_f0,l1i_d0,f0,0,2,1,0,0,0,f0edcd2528c01520eb4e4922266a7913c5c7539b,lcvex-commit-digest-v2-active-payload,a22a6581ca83718f4469eb6d2963301b70aad6f154d968a5ed1d14f76c17a012,587353343730b0048d3c5fb51f3427d0720bf16b47bcc867790019daf049739e,mem_random,pass,3907890,475192,0.121598,dbf7d5db29bb57c7,4e707e98e0c89190,8197,2506771,3326195,106503,319514,0,475187,6,0,0,0,0,106560,106560,0,0,0,0,0,0,0,0,0,0
l1i_d0_f0,l1i_d0,f0,0,2,1,0,0,0,f0edcd2528c01520eb4e4922266a7913c5c7539b,lcvex-commit-digest-v2-active-payload,9677a27db2ff1bdd5c3c1265859d0a4e3d2e2e982c5de578f9c6b3ddd6967bdb,7c5d126f2e5f91595151f55118733d0eb9dad8c852b20c4ea36b261f144e09f8,mem_ldst,pass,1120682,307280,0.27419,6205aef83a11b461,b536144c404de75f,34824,167966,774479,38923,219179,0,307273,8,0,0,0,0,75862,75862,0,0,0,0,0,0,0,0,0,0
l1i_d0_f0,l1i_d0,f0,0,2,1,0,0,0,f0edcd2528c01520eb4e4922266a7913c5c7539b,lcvex-commit-digest-v2-active-payload,43f052447435fd53aaac2e950fa164d70ad3ec330184391c7fc51dece42b1e24,49fb782bb39c54c13ec9d34b1c028a749347fbc86c1a0b1a36aeca8e9fb5ac70,fp_scalar,pass,226961,65963,0.290636,b0efde5ed79308a1,4078dabba91c60f0,19,16429,148658,12339,65,0,65943,22,0,0,0,0,204,204,0,0,0,0,0,0,0,0,0,0
l1i_d0_f0,l1i_d0,f0,0,2,1,0,0,0,f0edcd2528c01520eb4e4922266a7913c5c7539b,lcvex-commit-digest-v2-active-payload,7af526c8bceda1a75a49a3966ddd2ea2d3a4250d0cb308eea370d8a37e10a164,e868b221ba0f6d069e08fd29e26aeed380346c54c140ceae23725d2cd4feb98f,fp_fp16,pass,254407,82013,0.322369,34d6e3bf9d8ba016,a8dddf1e0170212e,5,13,164200,8193,18,0,82006,9,0,0,0,0,85,85,0,0,0,0,0,0,0,0,0,0
l1i_d0_f0,l1i_d0,f0,0,2,1,0,0,0,f0edcd2528c01520eb4e4922266a7913c5c7539b,lcvex-commit-digest-v2-active-payload,50503906eac74f96b4f66ac6bd268a5b8ad213619ef3aaa24c24a59132f6eba3,6ebbd4c33bce14151a78f318bb2a352f496f9def93b6cdd417b91d057db1f7bf,neon_vect,pass,227782,66721,0.292916,5c1d4f0a0f31cfe7,3ba6dea5f6c76128,4116,16621,150314,10746,20784,0,66708,15,0,0,0,0,8434,8434,0,0,0,0,0,0,0,0,0,0
l1i_d0_f0,l1i_d0,f0,0,2,1,0,0,0,f0edcd2528c01520eb4e4922266a7913c5c7539b,lcvex-commit-digest-v2-active-payload,fbac71a9245c9c9e8db76a55a9902403837768807c151238d9276d886231762a,a22f6ceaffd2b2c84c7bf85a875c5f1844b7d3d254818aea5fbb0d0f8b2362bc,kernel_crc,pass,184898,56697,0.306639,05d1f1a49f7166fe,4b7827dca661ce52,513,14392,125634,2567,14649,0,56689,9,0,0,0,0,4962,4962,0,0,0,0,0,0,0,0,0,0
l1i_d0_f0,l1i_d0,f0,0,2,1,0,0,0,f0edcd2528c01520eb4e4922266a7913c5c7539b,lcvex-commit-digest-v2-active-payload,cb582ed68582f9a3b3e5ef1eb386e98e0557da56ab12dcac0b535085ed381375,e800011683cc5415427fbd451d41488be7051910b4abfb3c76c4082e59b42a58,kernel_hash,pass,55556,6521,0.117377,a15e1ee633376e4e,382ce89b02dbde6a,259,35644,47734,1301,3880,0,6518,4,0,0,0,0,1333,1333,0,0,0,0,0,0,0,0,0,0
l1i_d0_f0,l1i_d0,f0,0,2,1,0,0,0,f0edcd2528c01520eb4e4922266a7913c5c7539b,lcvex-commit-digest-v2-active-payload,1606fdfe0ce13e2c536aba641c075539fd5f99e6f856f4c75905280ea41811f5,591f07d83da50b47ba57760f75e2fffe40c0dfd0c3821973c300b7c7ae03a8c4,kernel_matmul,pass,497566,66228,0.133104,ac56427433c7ab4b,e3eaeae9367bd84c,1027,297994,422371,8967,53773,0,66223,6,0,0,0,0,17980,17980,0,0,0,0,0,0,0,0,0,0
l1i_d0_f0,l1i_d0,f0,0,2,1,0,0,0,f0edcd2528c01520eb4e4922266a7913c5c7539b,lcvex-commit-digest-v2-active-payload,e5b91adc9211d485cb0ab8e8961ec8d5af7a548874c124b767dd7f3b880d4e4d,184eb6e1d8ad80234110b30972e6f60cee240db23d210871690270b9d70518d5,kernel_sort,pass,255767,70932,0.277331,42cdde3e7dbc488f,d19864be4fb8646a,8575,34298,176243,8592,51445,0,70929,4,0,0,0,0,17188,17188,0,0,0,0,0,0,0,0,0,0
l1i_d0_f1a,l1i_d0,f1a,1,2,1,0,0,0,f0edcd2528c01520eb4e4922266a7913c5c7539b,lcvex-commit-digest-v2-active-payload,6a42e7f5725dc0c21e3b4c53818dc7b444fb74c71836272e57549ce5dd2fada2,fd70bfab998b564fd78b6dddd0e29ec3814f31409118868c50511cfb3cae6b4b,alu_latency,pass,2000246,750049,0.374978,ab7d672bf0489762,0dd7f555d8ef95bf,4,13,750146,250011,16,0,750045,5,0,0,0,0,53,53,250011,155,1,1,750051,750050,250011,0,0,0
l1i_d0_f1a,l1i_d0,f1a,1,2,1,0,0,0,f0edcd2528c01520eb4e4922266a7913c5c7539b,lcvex-commit-digest-v2-active-payload,ee5071f2ea85d04c7605e0f388bc3c441052f7167891c3f1fc323f8c42ba30fe,0b5bcd16c774981a81fed5126ab94511a5e514a222b7bafb6c84cee39506bc03,alu_ilp,pass,1840296,800072,0.434752,aadc4a0cbd347f6f,fe4b1964ce21abdf,4,13,800185,120009,16,0,800067,6,0,0,0,0,61,61,120009,201,1,1,800074,800073,120009,0,0,0
l1i_d0_f1a,l1i_d0,f1a,1,2,1,0,0,0,f0edcd2528c01520eb4e4922266a7913c5c7539b,lcvex-commit-digest-v2-active-payload,d7833e3308a67e3dac8fd2a709fa09fa4515f962d05c6d50b9a38b37ef7239a9,e193e924e846b0102cf58740dace1021d476fb6cdf56c732ec6d4a00a4f42890,ctrl_branch,pass,1860367,690074,0.370934,a555baec3f932af5,0617c8083a02b214,13,40052,690203,220011,60060,0,690068,7,0,0,0,0,20086,20086,220011,107,1,1,690076,690075,220011,0,0,0
l1i_d0_f1a,l1i_d0,f1a,1,2,1,0,0,0,f0edcd2528c01520eb4e4922266a7913c5c7539b,lcvex-commit-digest-v2-active-payload,15fd905d138a6df8354b7de56ac4d0a6571255e811da4bda28c623306ddd04b1,8ffba56ab71aef16093baaabe809ae1077cf7dc87b1728cf7a306b405bcbee4f,muldiv,pass,828526,28131,0.033953,3e32aa67b5b00284,2f8508123d7fffb6,4,768013,28324,8015,16,0,28121,11,0,0,0,0,101,101,8015,79,2,2,28133,28132,8015,0,0,0
l1i_d0_f1a,l1i_d0,f1a,1,2,1,0,0,0,f0edcd2528c01520eb4e4922266a7913c5c7539b,lcvex-commit-digest-v2-active-payload,91908b5c9bdb76219fb9c6e1e0315b90eb4572c2294ffaeed36559f5e10cf5a1,92c4cf43107a173345475b6ced3048356a6a1f56a4bacbe563e2a5eddf5b9527,mem_seq,pass,2410939,803657,0.333338,46e5ead18aa77a80,6b40dea7a6ade5c3,114714,573840,803772,172124,688309,0,803652,6,0,0,0,0,229492,229492,172124,92,2,2,803659,803658,172124,0,0,0
l1i_d0_f1a,l1i_d0,f1a,1,2,1,0,0,0,f0edcd2528c01520eb4e4922266a7913c5c7539b,lcvex-commit-digest-v2-active-payload,a22a6581ca83718f4469eb6d2963301b70aad6f154d968a5ed1d14f76c17a012,587353343730b0048d3c5fb51f3427d0720bf16b47bcc867790019daf049739e,mem_random,pass,3498247,475192,0.135837,dbf7d5db29bb57c7,4e707e98e0c89190,8197,2506772,475307,106503,319514,0,475187,6,0,0,0,0,106560,106560,106503,7,2,2,475194,475193,106503,0,0,0
l1i_d0_f1a,l1i_d0,f1a,1,2,1,0,0,0,f0edcd2528c01520eb4e4922266a7913c5c7539b,lcvex-commit-digest-v2-active-payload,9677a27db2ff1bdd5c3c1265859d0a4e3d2e2e982c5de578f9c6b3ddd6967bdb,7c5d126f2e5f91595151f55118733d0eb9dad8c852b20c4ea36b261f144e09f8,mem_ldst,pass,835953,307280,0.36758,6205aef83a11b461,b536144c404de75f,34824,188450,307425,38923,219179,0,307273,8,0,0,0,0,75862,75862,38923,11,2,2,307282,307281,38923,0,0,0
l1i_d0_f1a,l1i_d0,f1a,1,2,1,0,0,0,f0edcd2528c01520eb4e4922266a7913c5c7539b,lcvex-commit-digest-v2-active-payload,43f052447435fd53aaac2e950fa164d70ad3ec330184391c7fc51dece42b1e24,49fb782bb39c54c13ec9d34b1c028a749347fbc86c1a0b1a36aeca8e9fb5ac70,fp_scalar,pass,173375,65963,0.380464,b0efde5ed79308a1,4078dabba91c60f0,19,16428,66340,12339,63,0,65944,22,0,0,0,0,204,204,12340,52,2,2,65966,65964,12340,1,0,0
l1i_d0_f1a,l1i_d0,f1a,1,2,1,0,0,0,f0edcd2528c01520eb4e4922266a7913c5c7539b,lcvex-commit-digest-v2-active-payload,7af526c8bceda1a75a49a3966ddd2ea2d3a4250d0cb308eea370d8a37e10a164,e868b221ba0f6d069e08fd29e26aeed380346c54c140ceae23725d2cd4feb98f,fp_fp16,pass,180597,82013,0.454122,34d6e3bf9d8ba016,a8dddf1e0170212e,5,14,82178,8193,18,0,82007,9,0,0,0,0,85,85,8194,2,1,1,82016,82014,8194,1,0,0
l1i_d0_f1a,l1i_d0,f1a,1,2,1,0,0,0,f0edcd2528c01520eb4e4922266a7913c5c7539b,lcvex-commit-digest-v2-active-payload,50503906eac74f96b4f66ac6bd268a5b8ad213619ef3aaa24c24a59132f6eba3,6ebbd4c33bce14151a78f318bb2a352f496f9def93b6cdd417b91d057db1f7bf,neon_vect,pass,174421,66721,0.382528,5c1d4f0a0f31cfe7,3ba6dea5f6c76128,4116,16621,67002,10746,20783,0,66709,15,0,0,0,0,8434,8434,10747,251,1,1,66724,66722,10747,1,0,0
l1i_d0_f1a,l1i_d0,f1a,1,2,1,0,0,0,f0edcd2528c01520eb4e4922266a7913c5c7539b,lcvex-commit-digest-v2-active-payload,fbac71a9245c9c9e8db76a55a9902403837768807c151238d9276d886231762a,a22f6ceaffd2b2c84c7bf85a875c5f1844b7d3d254818aea5fbb0d0f8b2362bc,kernel_crc,pass,128479,56697,0.441294,05d1f1a49f7166fe,4b7827dca661ce52,513,16449,56858,2567,14649,0,56689,9,0,0,0,0,4962,4962,2567,7,2,2,56699,56698,2567,0,0,0
l1i_d0_f1a,l1i_d0,f1a,1,2,1,0,0,0,f0edcd2528c01520eb4e4922266a7913c5c7539b,lcvex-commit-digest-v2-active-payload,cb582ed68582f9a3b3e5ef1eb386e98e0557da56ab12dcac0b535085ed381375,e800011683cc5415427fbd451d41488be7051910b4abfb3c76c4082e59b42a58,kernel_hash,pass,50353,6521,0.129506,a15e1ee633376e4e,382ce89b02dbde6a,259,36678,6602,1301,3880,0,6518,4,0,0,0,0,1333,1333,1301,21,2,2,6523,6522,1301,0,0,0
l1i_d0_f1a,l1i_d0,f1a,1,2,1,0,0,0,f0edcd2528c01520eb4e4922266a7913c5c7539b,lcvex-commit-digest-v2-active-payload,1606fdfe0ce13e2c536aba641c075539fd5f99e6f856f4c75905280ea41811f5,591f07d83da50b47ba57760f75e2fffe40c0dfd0c3821973c300b7c7ae03a8c4,kernel_matmul,pass,433820,66228,0.152662,ac56427433c7ab4b,e3eaeae9367bd84c,1027,298506,66345,8967,53773,0,66223,6,0,0,0,0,17980,17980,8967,7,2,2,66230,66229,8967,0,0,0
l1i_d0_f1a,l1i_d0,f1a,1,2,1,0,0,0,f0edcd2528c01520eb4e4922266a7913c5c7539b,lcvex-commit-digest-v2-active-payload,e5b91adc9211d485cb0ab8e8961ec8d5af7a548874c124b767dd7f3b880d4e4d,184eb6e1d8ad80234110b30972e6f60cee240db23d210871690270b9d70518d5,kernel_sort,pass,210578,70932,0.336844,42cdde3e7dbc488f,d19864be4fb8646a,8575,34555,71013,8592,51445,0,70929,4,0,0,0,0,17188,17188,8592,144,1,1,70934,70933,8592,0,0,0
l1id_l2_d0_f0,l1id_l2_d0,f0,0,2,1,1,1,0,f0edcd2528c01520eb4e4922266a7913c5c7539b,lcvex-commit-digest-v2-active-payload,6a42e7f5725dc0c21e3b4c53818dc7b444fb74c71836272e57549ce5dd2fada2,fd70bfab998b564fd78b6dddd0e29ec3814f31409118868c50511cfb3cae6b4b,alu_latency,pass,2500411,750049,0.29997,ab7d672bf0489762,0dd7f555d8ef95bf,4,60,1500351,250011,64,0,750045,5,1,1,49,6,59,60,0,0,0,0,0,0,0,0,0,0
l1id_l2_d0_f0,l1id_l2_d0,f0,0,2,1,1,1,0,f0edcd2528c01520eb4e4922266a7913c5c7539b,lcvex-commit-digest-v2-active-payload,ee5071f2ea85d04c7605e0f388bc3c441052f7167891c3f1fc323f8c42ba30fe,0b5bcd16c774981a81fed5126ab94511a5e514a222b7bafb6c84cee39506bc03,alu_ilp,pass,2520510,800072,0.317425,aadc4a0cbd347f6f,fe4b1964ce21abdf,4,60,1600429,120009,64,0,800067,6,1,1,56,7,67,68,0,0,0,0,0,0,0,0,0,0
l1id_l2_d0_f0,l1id_l2_d0,f0,0,2,1,1,1,0,f0edcd2528c01520eb4e4922266a7913c5c7539b,lcvex-commit-digest-v2-active-payload,d7833e3308a67e3dac8fd2a709fa09fa4515f962d05c6d50b9a38b37ef7239a9,e193e924e846b0102cf58740dace1021d476fb6cdf56c732ec6d4a00a4f42890,ctrl_branch,pass,2330652,690074,0.296086,a555baec3f932af5,0617c8083a02b214,13,40162,1420567,220011,60176,0,690068,7,20008,2,70,9,92,93,0,0,0,0,0,0,0,0,0,0
l1id_l2_d0_f0,l1id_l2_d0,f0,0,2,1,1,1,0,f0edcd2528c01520eb4e4922266a7913c5c7539b,lcvex-commit-digest-v2-active-payload,15fd905d138a6df8354b7de56ac4d0a6571255e811da4bda28c623306ddd04b1,8ffba56ab71aef16093baaabe809ae1077cf7dc87b1728cf7a306b405bcbee4f,muldiv,pass,848853,28131,0.03314,3e32aa67b5b00284,2f8508123d7fffb6,4,768060,812707,8015,64,0,28121,11,1,1,91,12,107,108,0,0,0,0,0,0,0,0,0,0
l1id_l2_d0_f0,l1id_l2_d0,f0,0,2,1,1,1,0,f0edcd2528c01520eb4e4922266a7913c5c7539b,lcvex-commit-digest-v2-active-payload,91908b5c9bdb76219fb9c6e1e0315b90eb4572c2294ffaeed36559f5e10cf5a1,92c4cf43107a173345475b6ced3048356a6a1f56a4bacbe563e2a5eddf5b9527,mem_seq,pass,3862695,803657,0.208056,46e5ead18aa77a80,6b40dea7a6ade5c3,114714,1279380,2886914,172124,1508557,0,803652,6,102386,12337,88495,10256,213465,196770,0,0,0,0,0,0,0,0,0,0
l1id_l2_d0_f0,l1id_l2_d0,f0,0,2,1,1,1,0,f0edcd2528c01520eb4e4922266a7913c5c7539b,lcvex-commit-digest-v2-active-payload,a22a6581ca83718f4469eb6d2963301b70aad6f154d968a5ed1d14f76c17a012,587353343730b0048d3c5fb51f3427d0720bf16b47bcc867790019daf049739e,mem_random,pass,6217700,475192,0.076426,dbf7d5db29bb57c7,4e707e98e0c89190,8197,4816486,5636005,106503,2629229,0,475187,6,5660,92648,691574,49665,749436,405525,0,0,0,0,0,0,0,0,0,0
l1id_l2_d0_f0,l1id_l2_d0,f0,0,2,1,1,1,0,f0edcd2528c01520eb4e4922266a7913c5c7539b,lcvex-commit-digest-v2-active-payload,9677a27db2ff1bdd5c3c1265859d0a4e3d2e2e982c5de578f9c6b3ddd6967bdb,7c5d126f2e5f91595151f55118733d0eb9dad8c852b20c4ea36b261f144e09f8,mem_ldst,pass,1329866,307280,0.231061,6205aef83a11b461,b536144c404de75f,34824,377006,983663,38923,428219,0,307273,8,36866,4101,32613,266,67703,36960,0,0,0,0,0,0,0,0,0,0
l1id_l2_d0_f0,l1id_l2_d0,f0,0,2,1,1,1,0,f0edcd2528c01520eb4e4922266a7913c5c7539b,lcvex-commit-digest-v2-active-payload,43f052447435fd53aaac2e950fa164d70ad3ec330184391c7fc51dece42b1e24,49fb782bb39c54c13ec9d34b1c028a749347fbc86c1a0b1a36aeca8e9fb5ac70,fp_scalar,pass,227433,65963,0.290033,b0efde5ed79308a1,4078dabba91c60f0,19,16567,149130,12339,203,0,65943,22,1,1,168,23,210,211,0,0,0,0,0,0,0,0,0,0
l1id_l2_d0_f0,l1id_l2_d0,f0,0,2,1,1,1,0,f0edcd2528c01520eb4e4922266a7913c5c7539b,lcvex-commit-digest-v2-active-payload,7af526c8bceda1a75a49a3966ddd2ea2d3a4250d0cb308eea370d8a37e10a164,e868b221ba0f6d069e08fd29e26aeed380346c54c140ceae23725d2cd4feb98f,fp_fp16,pass,254619,82013,0.322101,34d6e3bf9d8ba016,a8dddf1e0170212e,5,65,164412,8193,70,0,82006,9,0,1,77,10,92,93,0,0,0,0,0,0,0,0,0,0
l1id_l2_d0_f0,l1id_l2_d0,f0,0,2,1,1,1,0,f0edcd2528c01520eb4e4922266a7913c5c7539b,lcvex-commit-digest-v2-active-payload,50503906eac74f96b4f66ac6bd268a5b8ad213619ef3aaa24c24a59132f6eba3,6ebbd4c33bce14151a78f318bb2a352f496f9def93b6cdd417b91d057db1f7bf,neon_vect,pass,244784,66721,0.272571,5c1d4f0a0f31cfe7,3ba6dea5f6c76128,4116,33415,167316,10746,37578,0,66708,15,4181,10,183,24,4323,4316,0,0,0,0,0,0,0,0,0,0
l1id_l2_d0_f0,l1id_l2_d0,f0,0,2,1,1,1,0,f0edcd2528c01520eb4e4922266a7913c5c7539b,lcvex-commit-digest-v2-active-payload,fbac71a9245c9c9e8db76a55a9902403837768807c151238d9276d886231762a,a22f6ceaffd2b2c84c7bf85a875c5f1844b7d3d254818aea5fbb0d0f8b2362bc,kernel_crc,pass,188310,56697,0.301083,05d1f1a49f7166fe,4b7827dca661ce52,513,17644,129046,2567,17901,0,56689,9,4332,38,337,46,896,889,0,0,0,0,0,0,0,0,0,0
l1id_l2_d0_f0,l1id_l2_d0,f0,0,2,1,1,1,0,f0edcd2528c01520eb4e4922266a7913c5c7539b,lcvex-commit-digest-v2-active-payload,cb582ed68582f9a3b3e5ef1eb386e98e0557da56ab12dcac0b535085ed381375,e800011683cc5415427fbd451d41488be7051910b4abfb3c76c4082e59b42a58,kernel_hash,pass,56848,6521,0.114709,a15e1ee633376e4e,382ce89b02dbde6a,259,36856,49026,1301,5092,0,6518,4,1029,6,78,9,346,339,0,0,0,0,0,0,0,0,0,0
l1id_l2_d0_f0,l1id_l2_d0,f0,0,2,1,1,1,0,f0edcd2528c01520eb4e4922266a7913c5c7539b,lcvex-commit-digest-v2-active-payload,1606fdfe0ce13e2c536aba641c075539fd5f99e6f856f4c75905280ea41811f5,591f07d83da50b47ba57760f75e2fffe40c0dfd0c3821973c300b7c7ae03a8c4,kernel_matmul,pass,503354,66228,0.131573,ac56427433c7ab4b,e3eaeae9367bd84c,1027,303670,428159,8967,59449,0,66223,6,16849,49,392,55,1474,1475,0,0,0,0,0,0,0,0,0,0
l1id_l2_d0_f0,l1id_l2_d0,f0,0,2,1,1,1,0,f0edcd2528c01520eb4e4922266a7913c5c7539b,lcvex-commit-digest-v2-active-payload,e5b91adc9211d485cb0ab8e8961ec8d5af7a548874c124b767dd7f3b880d4e4d,184eb6e1d8ad80234110b30972e6f60cee240db23d210871690270b9d70518d5,kernel_sort,pass,290307,70932,0.244334,42cdde3e7dbc488f,d19864be4fb8646a,8575,68758,210783,8592,85905,0,70929,4,8569,5,70,9,8654,8655,0,0,0,0,0,0,0,0,0,0
l1id_l2_d0_f1a,l1id_l2_d0,f1a,1,2,1,1,1,0,f0edcd2528c01520eb4e4922266a7913c5c7539b,lcvex-commit-digest-v2-active-payload,6a42e7f5725dc0c21e3b4c53818dc7b444fb74c71836272e57549ce5dd2fada2,fd70bfab998b564fd78b6dddd0e29ec3814f31409118868c50511cfb3cae6b4b,alu_latency,pass,2000390,750049,0.374951,ab7d672bf0489762,0dd7f555d8ef95bf,4,61,750242,250011,64,0,750045,5,1,1,49,6,59,60,250011,155,1,1,750051,750050,250011,0,0,0
l1id_l2_d0_f1a,l1id_l2_d0,f1a,1,2,1,1,1,0,f0edcd2528c01520eb4e4922266a7913c5c7539b,lcvex-commit-digest-v2-active-payload,ee5071f2ea85d04c7605e0f388bc3c441052f7167891c3f1fc323f8c42ba30fe,0b5bcd16c774981a81fed5126ab94511a5e514a222b7bafb6c84cee39506bc03,alu_ilp,pass,1840456,800072,0.434714,aadc4a0cbd347f6f,fe4b1964ce21abdf,4,61,800297,120009,64,0,800067,6,1,1,56,7,67,68,120009,201,1,1,800074,800073,120009,0,0,0
l1id_l2_d0_f1a,l1id_l2_d0,f1a,1,2,1,1,1,0,f0edcd2528c01520eb4e4922266a7913c5c7539b,lcvex-commit-digest-v2-active-payload,d7833e3308a67e3dac8fd2a709fa09fa4515f962d05c6d50b9a38b37ef7239a9,e193e924e846b0102cf58740dace1021d476fb6cdf56c732ec6d4a00a4f42890,ctrl_branch,pass,1860611,690074,0.370886,a555baec3f932af5,0617c8083a02b214,13,40168,690331,220011,60176,0,690068,7,20008,2,70,9,92,93,220011,107,1,1,690076,690075,220011,0,0,0
l1id_l2_d0_f1a,l1id_l2_d0,f1a,1,2,1,1,1,0,f0edcd2528c01520eb4e4922266a7913c5c7539b,lcvex-commit-digest-v2-active-payload,15fd905d138a6df8354b7de56ac4d0a6571255e811da4bda28c623306ddd04b1,8ffba56ab71aef16093baaabe809ae1077cf7dc87b1728cf7a306b405bcbee4f,muldiv,pass,828766,28131,0.033943,3e32aa67b5b00284,2f8508123d7fffb6,4,768061,28516,8015,64,0,28121,11,1,1,91,12,107,108,8015,79,2,2,28133,28132,8015,0,0,0
l1id_l2_d0_f1a,l1id_l2_d0,f1a,1,2,1,1,1,0,f0edcd2528c01520eb4e4922266a7913c5c7539b,lcvex-commit-digest-v2-active-payload,91908b5c9bdb76219fb9c6e1e0315b90eb4572c2294ffaeed36559f5e10cf5a1,92c4cf43107a173345475b6ced3048356a6a1f56a4bacbe563e2a5eddf5b9527,mem_seq,pass,3231297,803657,0.24871,46e5ead18aa77a80,6b40dea7a6ade5c3,114714,1394105,803914,172124,1508574,0,803652,6,102386,12337,88495,10256,213465,196770,172124,92,2,2,803659,803658,172124,0,0,0
l1id_l2_d0_f1a,l1id_l2_d0,f1a,1,2,1,1,1,0,f0edcd2528c01520eb4e4922266a7913c5c7539b,lcvex-commit-digest-v2-active-payload,a22a6581ca83718f4469eb6d2963301b70aad6f154d968a5ed1d14f76c17a012,587353343730b0048d3c5fb51f3427d0720bf16b47bcc867790019daf049739e,mem_random,pass,5808057,475192,0.081816,dbf7d5db29bb57c7,4e707e98e0c89190,8197,4816487,475421,106503,2629229,0,475187,6,5660,92648,691574,49665,749436,405525,106503,7,2,2,475194,475193,106503,0,0,0
l1id_l2_d0_f1a,l1id_l2_d0,f1a,1,2,1,1,1,0,f0edcd2528c01520eb4e4922266a7913c5c7539b,lcvex-commit-digest-v2-active-payload,9677a27db2ff1bdd5c3c1265859d0a4e3d2e2e982c5de578f9c6b3ddd6967bdb,7c5d126f2e5f91595151f55118733d0eb9dad8c852b20c4ea36b261f144e09f8,mem_ldst,pass,1045137,307280,0.294009,6205aef83a11b461,b536144c404de75f,34824,397490,307569,38923,428219,0,307273,8,36866,4101,32613,266,67703,36960,38923,11,2,2,307282,307281,38923,0,0,0
l1id_l2_d0_f1a,l1id_l2_d0,f1a,1,2,1,1,1,0,f0edcd2528c01520eb4e4922266a7913c5c7539b,lcvex-commit-digest-v2-active-payload,43f052447435fd53aaac2e950fa164d70ad3ec330184391c7fc51dece42b1e24,49fb782bb39c54c13ec9d34b1c028a749347fbc86c1a0b1a36aeca8e9fb5ac70,fp_scalar,pass,173845,65963,0.379436,b0efde5ed79308a1,4078dabba91c60f0,19,16583,66714,12339,218,0,65944,22,1,1,168,23,210,211,12340,52,2,2,65966,65964,12340,1,0,0
l1id_l2_d0_f1a,l1id_l2_d0,f1a,1,2,1,1,1,0,f0edcd2528c01520eb4e4922266a7913c5c7539b,lcvex-commit-digest-v2-active-payload,7af526c8bceda1a75a49a3966ddd2ea2d3a4250d0cb308eea370d8a37e10a164,e868b221ba0f6d069e08fd29e26aeed380346c54c140ceae23725d2cd4feb98f,fp_fp16,pass,180807,82013,0.453594,34d6e3bf9d8ba016,a8dddf1e0170212e,5,83,82340,8193,87,0,82007,9,0,1,77,10,92,93,8194,2,1,1,82016,82014,8194,1,0,0
l1id_l2_d0_f1a,l1id_l2_d0,f1a,1,2,1,1,1,0,f0edcd2528c01520eb4e4922266a7913c5c7539b,lcvex-commit-digest-v2-active-payload,50503906eac74f96b4f66ac6bd268a5b8ad213619ef3aaa24c24a59132f6eba3,6ebbd4c33bce14151a78f318bb2a352f496f9def93b6cdd417b91d057db1f7bf,neon_vect,pass,191423,66721,0.348553,5c1d4f0a0f31cfe7,3ba6dea5f6c76128,4116,33415,67276,10746,37577,0,66709,15,4181,10,183,24,4323,4316,10747,251,1,1,66724,66722,10747,1,0,0
l1id_l2_d0_f1a,l1id_l2_d0,f1a,1,2,1,1,1,0,f0edcd2528c01520eb4e4922266a7913c5c7539b,lcvex-commit-digest-v2-active-payload,fbac71a9245c9c9e8db76a55a9902403837768807c151238d9276d886231762a,a22f6ceaffd2b2c84c7bf85a875c5f1844b7d3d254818aea5fbb0d0f8b2362bc,kernel_crc,pass,131891,56697,0.429878,05d1f1a49f7166fe,4b7827dca661ce52,513,19701,57018,2567,17901,0,56689,9,4332,38,337,46,896,889,2567,7,2,2,56699,56698,2567,0,0,0
l1id_l2_d0_f1a,l1id_l2_d0,f1a,1,2,1,1,1,0,f0edcd2528c01520eb4e4922266a7913c5c7539b,lcvex-commit-digest-v2-active-payload,cb582ed68582f9a3b3e5ef1eb386e98e0557da56ab12dcac0b535085ed381375,e800011683cc5415427fbd451d41488be7051910b4abfb3c76c4082e59b42a58,kernel_hash,pass,51645,6521,0.126266,a15e1ee633376e4e,382ce89b02dbde6a,259,37890,6682,1301,5092,0,6518,4,1029,6,78,9,346,339,1301,21,2,2,6523,6522,1301,0,0,0
l1id_l2_d0_f1a,l1id_l2_d0,f1a,1,2,1,1,1,0,f0edcd2528c01520eb4e4922266a7913c5c7539b,lcvex-commit-digest-v2-active-payload,1606fdfe0ce13e2c536aba641c075539fd5f99e6f856f4c75905280ea41811f5,591f07d83da50b47ba57760f75e2fffe40c0dfd0c3821973c300b7c7ae03a8c4,kernel_matmul,pass,439604,66228,0.150654,ac56427433c7ab4b,e3eaeae9367bd84c,1027,304199,66461,8967,59466,0,66223,6,16849,49,392,55,1474,1475,8967,7,2,2,66230,66229,8967,0,0,0
l1id_l2_d0_f1a,l1id_l2_d0,f1a,1,2,1,1,1,0,f0edcd2528c01520eb4e4922266a7913c5c7539b,lcvex-commit-digest-v2-active-payload,e5b91adc9211d485cb0ab8e8961ec8d5af7a548874c124b767dd7f3b880d4e4d,184eb6e1d8ad80234110b30972e6f60cee240db23d210871690270b9d70518d5,kernel_sort,pass,245118,70932,0.289379,42cdde3e7dbc488f,d19864be4fb8646a,8575,69015,71093,8592,85905,0,70929,4,8569,5,70,9,8654,8655,8592,144,1,1,70934,70933,8592,0,0,0
nocache_d1_f0,nocache_d1,f0,0,2,0,0,0,1,f0edcd2528c01520eb4e4922266a7913c5c7539b,lcvex-commit-digest-v2-active-payload,6a42e7f5725dc0c21e3b4c53818dc7b444fb74c71836272e57549ce5dd2fada2,fd70bfab998b564fd78b6dddd0e29ec3814f31409118868c50511cfb3cae6b4b,alu_latency,pass,4000283,750049,0.187499,ab7d672bf0489762,0dd7f555d8ef95bf,4,32,3000223,250011,36,0,0,0,0,0,0,0,750056,750055,0,0,0,0,0,0,0,0,0,0
nocache_d1_f0,nocache_d1,f0,0,2,0,0,0,1,f0edcd2528c01520eb4e4922266a7913c5c7539b,lcvex-commit-digest-v2-active-payload,ee5071f2ea85d04c7605e0f388bc3c441052f7167891c3f1fc323f8c42ba30fe,0b5bcd16c774981a81fed5126ab94511a5e514a222b7bafb6c84cee39506bc03,alu_ilp,pass,4120396,800072,0.194174,aadc4a0cbd347f6f,fe4b1964ce21abdf,4,32,3200315,120009,36,0,0,0,0,0,0,0,800079,800078,0,0,0,0,0,0,0,0,0,0
nocache_d1_f0,nocache_d1,f0,0,2,0,0,0,1,f0edcd2528c01520eb4e4922266a7913c5c7539b,lcvex-commit-digest-v2-active-payload,d7833e3308a67e3dac8fd2a709fa09fa4515f962d05c6d50b9a38b37ef7239a9,e193e924e846b0102cf58740dace1021d476fb6cdf56c732ec6d4a00a4f42890,ctrl_branch,pass,3750476,690074,0.183996,a555baec3f932af5,0617c8083a02b214,13,120120,2840391,220011,140134,0,0,0,0,0,0,0,710098,710097,0,0,0,0,0,0,0,0,0,0
nocache_d1_f0,nocache_d1,f0,0,2,0,0,0,1,f0edcd2528c01520eb4e4922266a7913c5c7539b,lcvex-commit-digest-v2-active-payload,15fd905d138a6df8354b7de56ac4d0a6571255e811da4bda28c623306ddd04b1,8ffba56ab71aef16093baaabe809ae1077cf7dc87b1728cf7a306b405bcbee4f,muldiv,pass,880697,28131,0.031942,3e32aa67b5b00284,2f8508123d7fffb6,4,768032,844551,8015,36,0,0,0,0,0,0,0,28138,28137,0,0,0,0,0,0,0,0,0,0
nocache_d1_f0,nocache_d1,f0,0,2,0,0,0,1,f0edcd2528c01520eb4e4922266a7913c5c7539b,lcvex-commit-digest-v2-active-payload,91908b5c9bdb76219fb9c6e1e0315b90eb4572c2294ffaeed36559f5e10cf5a1,92c4cf43107a173345475b6ced3048356a6a1f56a4bacbe563e2a5eddf5b9527,mem_seq,pass,5108405,803657,0.157321,46e5ead18aa77a80,6b40dea7a6ade5c3,114714,1376876,4132624,172124,1606053,0,0,0,0,0,0,0,1033095,1033094,0,0,0,0,0,0,0,0,0,0
nocache_d1_f0,nocache_d1,f0,0,2,0,0,0,1,f0edcd2528c01520eb4e4922266a7913c5c7539b,lcvex-commit-digest-v2-active-payload,a22a6581ca83718f4469eb6d2963301b70aad6f154d968a5ed1d14f76c17a012,587353343730b0048d3c5fb51f3427d0720bf16b47bcc867790019daf049739e,mem_random,pass,5005638,475192,0.094931,dbf7d5db29bb57c7,4e707e98e0c89190,8197,2932786,4423943,106503,745529,0,0,0,0,0,0,0,581698,581697,0,0,0,0,0,0,0,0,0,0
nocache_d1_f0,nocache_d1,f0,0,2,0,0,0,1,f0edcd2528c01520eb4e4922266a7913c5c7539b,lcvex-commit-digest-v2-active-payload,9677a27db2ff1bdd5c3c1265859d0a4e3d2e2e982c5de578f9c6b3ddd6967bdb,7c5d126f2e5f91595151f55118733d0eb9dad8c852b20c4ea36b261f144e09f8,mem_ldst,pass,1886682,307280,0.162868,6205aef83a11b461,b536144c404de75f,34824,454742,1540479,38923,505955,0,0,0,0,0,0,0,383072,383071,0,0,0,0,0,0,0,0,0,0
nocache_d1_f0,nocache_d1,f0,0,2,0,0,0,1,f0edcd2528c01520eb4e4922266a7913c5c7539b,lcvex-commit-digest-v2-active-payload,43f052447435fd53aaac2e950fa164d70ad3ec330184391c7fc51dece42b1e24,49fb782bb39c54c13ec9d34b1c028a749347fbc86c1a0b1a36aeca8e9fb5ac70,fp_scalar,pass,358434,65963,0.184031,b0efde5ed79308a1,4078dabba91c60f0,19,16510,280131,12339,147,0,0,0,0,0,0,0,65985,65984,0,0,0,0,0,0,0,0,0,0
nocache_d1_f0,nocache_d1,f0,0,2,0,0,0,1,f0edcd2528c01520eb4e4922266a7913c5c7539b,lcvex-commit-digest-v2-active-payload,7af526c8bceda1a75a49a3966ddd2ea2d3a4250d0cb308eea370d8a37e10a164,e868b221ba0f6d069e08fd29e26aeed380346c54c140ceae23725d2cd4feb98f,fp_fp16,pass,418286,82013,0.196069,34d6e3bf9d8ba016,a8dddf1e0170212e,5,36,328079,8193,42,0,0,0,0,0,0,0,82020,82019,0,0,0,0,0,0,0,0,0,0
nocache_d1_f0,nocache_d1,f0,0,2,0,0,0,1,f0edcd2528c01520eb4e4922266a7913c5c7539b,lcvex-commit-digest-v2-active-payload,50503906eac74f96b4f66ac6bd268a5b8ad213619ef3aaa24c24a59132f6eba3,6ebbd4c33bce14151a78f318bb2a352f496f9def93b6cdd417b91d057db1f7bf,neon_vect,pass,377583,66721,0.176706,5c1d4f0a0f31cfe7,3ba6dea5f6c76128,4116,41556,300115,10746,45720,0,0,0,0,0,0,0,75029,75028,0,0,0,0,0,0,0,0,0,0
nocache_d1_f0,nocache_d1,f0,0,2,0,0,0,1,f0edcd2528c01520eb4e4922266a7913c5c7539b,lcvex-commit-digest-v2-active-payload,fbac71a9245c9c9e8db76a55a9902403837768807c151238d9276d886231762a,a22f6ceaffd2b2c84c7bf85a875c5f1844b7d3d254818aea5fbb0d0f8b2362bc,kernel_crc,pass,307900,56697,0.184141,05d1f1a49f7166fe,4b7827dca661ce52,513,33924,248636,2567,34181,0,0,0,0,0,0,0,61581,61580,0,0,0,0,0,0,0,0,0,0
nocache_d1_f0,nocache_d1,f0,0,2,0,0,0,1,f0edcd2528c01520eb4e4922266a7913c5c7539b,lcvex-commit-digest-v2-active-payload,cb582ed68582f9a3b3e5ef1eb386e98e0557da56ab12dcac0b535085ed381375,e800011683cc5415427fbd451d41488be7051910b4abfb3c76c4082e59b42a58,kernel_hash,pass,69042,6521,0.09445,a15e1ee633376e4e,382ce89b02dbde6a,259,40816,61220,1301,9052,0,0,0,0,0,0,0,7816,7815,0,0,0,0,0,0,0,0,0,0
nocache_d1_f0,nocache_d1,f0,0,2,0,0,0,1,f0edcd2528c01520eb4e4922266a7913c5c7539b,lcvex-commit-digest-v2-active-payload,1606fdfe0ce13e2c536aba641c075539fd5f99e6f856f4c75905280ea41811f5,591f07d83da50b47ba57760f75e2fffe40c0dfd0c3821973c300b7c7ae03a8c4,kernel_matmul,pass,649378,66228,0.101987,ac56427433c7ab4b,e3eaeae9367bd84c,1027,369690,574183,8967,125469,0,0,0,0,0,0,0,84154,84153,0,0,0,0,0,0,0,0,0,0
nocache_d1_f0,nocache_d1,f0,0,2,0,0,0,1,f0edcd2528c01520eb4e4922266a7913c5c7539b,lcvex-commit-digest-v2-active-payload,e5b91adc9211d485cb0ab8e8961ec8d5af7a548874c124b767dd7f3b880d4e4d,184eb6e1d8ad80234110b30972e6f60cee240db23d210871690270b9d70518d5,kernel_sort,pass,431851,70932,0.164251,42cdde3e7dbc488f,d19864be4fb8646a,8575,102890,352327,8592,120037,0,0,0,0,0,0,0,88082,88081,0,0,0,0,0,0,0,0,0,0
nocache_d1_f1a,nocache_d1,f1a,1,2,0,0,0,1,f0edcd2528c01520eb4e4922266a7913c5c7539b,lcvex-commit-digest-v2-active-payload,6a42e7f5725dc0c21e3b4c53818dc7b444fb74c71836272e57549ce5dd2fada2,fd70bfab998b564fd78b6dddd0e29ec3814f31409118868c50511cfb3cae6b4b,alu_latency,pass,3500264,750049,0.214284,ab7d672bf0489762,0dd7f555d8ef95bf,4,28,2250149,250011,32,0,0,0,0,0,0,0,750056,750055,250011,155,1,1,750050,750050,250011,0,0,0
nocache_d1_f1a,nocache_d1,f1a,1,2,0,0,0,1,f0edcd2528c01520eb4e4922266a7913c5c7539b,lcvex-commit-digest-v2-active-payload,ee5071f2ea85d04c7605e0f388bc3c441052f7167891c3f1fc323f8c42ba30fe,0b5bcd16c774981a81fed5126ab94511a5e514a222b7bafb6c84cee39506bc03,alu_ilp,pass,3440344,800072,0.232556,aadc4a0cbd347f6f,fe4b1964ce21abdf,4,28,2400218,120009,32,0,0,0,0,0,0,0,800079,800078,120009,201,1,1,800073,800073,120009,0,0,0
nocache_d1_f1a,nocache_d1,f1a,1,2,0,0,0,1,f0edcd2528c01520eb4e4922266a7913c5c7539b,lcvex-commit-digest-v2-active-payload,d7833e3308a67e3dac8fd2a709fa09fa4515f962d05c6d50b9a38b37ef7239a9,e193e924e846b0102cf58740dace1021d476fb6cdf56c732ec6d4a00a4f42890,ctrl_branch,pass,3320441,690074,0.207826,a555baec3f932af5,0617c8083a02b214,13,100109,2070224,220011,120123,0,0,0,0,0,0,0,710098,710097,220011,107,1,1,690075,690075,220011,0,0,0
nocache_d1_f1a,nocache_d1,f1a,1,2,0,0,0,1,f0edcd2528c01520eb4e4922266a7913c5c7539b,lcvex-commit-digest-v2-active-payload,15fd905d138a6df8354b7de56ac4d0a6571255e811da4bda28c623306ddd04b1,8ffba56ab71aef16093baaabe809ae1077cf7dc87b1728cf7a306b405bcbee4f,muldiv,pass,844612,28131,0.033306,3e32aa67b5b00284,2f8508123d7fffb6,4,768028,84395,8015,32,0,0,0,0,0,0,0,28138,28137,8015,79,2,2,28132,28132,8015,0,0,0
nocache_d1_f1a,nocache_d1,f1a,1,2,0,0,0,1,f0edcd2528c01520eb4e4922266a7913c5c7539b,lcvex-commit-digest-v2-active-payload,91908b5c9bdb76219fb9c6e1e0315b90eb4572c2294ffaeed36559f5e10cf5a1,92c4cf43107a173345475b6ced3048356a6a1f56a4bacbe563e2a5eddf5b9527,mem_seq,pass,4706408,803657,0.170758,46e5ead18aa77a80,6b40dea7a6ade5c3,114714,1204787,2410973,172124,1433964,0,0,0,0,0,0,0,1033095,1033094,172124,92,2,2,803658,803658,172124,0,0,0
nocache_d1_f1a,nocache_d1,f1a,1,2,0,0,0,1,f0edcd2528c01520eb4e4922266a7913c5c7539b,lcvex-commit-digest-v2-active-payload,a22a6581ca83718f4469eb6d2963301b70aad6f154d968a5ed1d14f76c17a012,587353343730b0048d3c5fb51f3427d0720bf16b47bcc867790019daf049739e,mem_random,pass,4546847,475192,0.10451,dbf7d5db29bb57c7,4e707e98e0c89190,8197,2826284,1425578,106503,639027,0,0,0,0,0,0,0,581698,581697,106503,7,2,2,475193,475193,106503,0,0,0
nocache_d1_f1a,nocache_d1,f1a,1,2,0,0,0,1,f0edcd2528c01520eb4e4922266a7913c5c7539b,lcvex-commit-digest-v2-active-payload,9677a27db2ff1bdd5c3c1265859d0a4e3d2e2e982c5de578f9c6b3ddd6967bdb,7c5d126f2e5f91595151f55118733d0eb9dad8c852b20c4ea36b261f144e09f8,mem_ldst,pass,1677735,307280,0.183152,6205aef83a11b461,b536144c404de75f,34824,395338,921842,38923,446551,0,0,0,0,0,0,0,383072,383071,38923,11,1,1,307281,307281,38923,0,0,0
nocache_d1_f1a,nocache_d1,f1a,1,2,0,0,0,1,f0edcd2528c01520eb4e4922266a7913c5c7539b,lcvex-commit-digest-v2-active-payload,43f052447435fd53aaac2e950fa164d70ad3ec330184391c7fc51dece42b1e24,49fb782bb39c54c13ec9d34b1c028a749347fbc86c1a0b1a36aeca8e9fb5ac70,fp_scalar,pass,304740,65963,0.216457,b0efde5ed79308a1,4078dabba91c60f0,19,16493,197894,12339,128,0,0,0,0,0,0,0,65986,65985,12340,52,2,2,65964,65964,12340,1,2,0
nocache_d1_f1a,nocache_d1,f1a,1,2,0,0,0,1,f0edcd2528c01520eb4e4922266a7913c5c7539b,lcvex-commit-digest-v2-active-payload,7af526c8bceda1a75a49a3966ddd2ea2d3a4250d0cb308eea370d8a37e10a164,e868b221ba0f6d069e08fd29e26aeed380346c54c140ceae23725d2cd4feb98f,fp_fp16,pass,344480,82013,0.238078,34d6e3bf9d8ba016,a8dddf1e0170212e,5,32,246044,8193,36,0,0,0,0,0,0,0,82021,82020,8194,2,1,1,82014,82014,8194,1,2,0
nocache_d1_f1a,nocache_d1,f1a,1,2,0,0,0,1,f0edcd2528c01520eb4e4922266a7913c5c7539b,lcvex-commit-digest-v2-active-payload,50503906eac74f96b4f66ac6bd268a5b8ad213619ef3aaa24c24a59132f6eba3,6ebbd4c33bce14151a78f318bb2a352f496f9def93b6cdd417b91d057db1f7bf,neon_vect,pass,325794,66721,0.204795,5c1d4f0a0f31cfe7,3ba6dea5f6c76128,4116,41026,200168,10746,45188,0,0,0,0,0,0,0,75030,75029,10747,251,1,1,66722,66722,10747,1,2,0
nocache_d1_f1a,nocache_d1,f1a,1,2,0,0,0,1,f0edcd2528c01520eb4e4922266a7913c5c7539b,lcvex-commit-digest-v2-active-payload,fbac71a9245c9c9e8db76a55a9902403837768807c151238d9276d886231762a,a22f6ceaffd2b2c84c7bf85a875c5f1844b7d3d254818aea5fbb0d0f8b2362bc,kernel_crc,pass,256362,56697,0.22116,05d1f1a49f7166fe,4b7827dca661ce52,513,29041,170093,2567,29298,0,0,0,0,0,0,0,61581,61580,2567,7,1,1,56698,56698,2567,0,0,0
nocache_d1_f1a,nocache_d1,f1a,1,2,0,0,0,1,f0edcd2528c01520eb4e4922266a7913c5c7539b,lcvex-commit-digest-v2-active-payload,cb582ed68582f9a3b3e5ef1eb386e98e0557da56ab12dcac0b535085ed381375,e800011683cc5415427fbd451d41488be7051910b4abfb3c76c4082e59b42a58,kernel_hash,pass,63061,6521,0.103408,a15e1ee633376e4e,382ce89b02dbde6a,259,39524,19565,1301,7760,0,0,0,0,0,0,0,7816,7815,1301,21,2,2,6522,6522,1301,0,0,0
nocache_d1_f1a,nocache_d1,f1a,1,2,0,0,0,1,f0edcd2528c01520eb4e4922266a7913c5c7539b,lcvex-commit-digest-v2-active-payload,1606fdfe0ce13e2c536aba641c075539fd5f99e6f856f4c75905280ea41811f5,591f07d83da50b47ba57760f75e2fffe40c0dfd0c3821973c300b7c7ae03a8c4,kernel_matmul,pass,595874,66228,0.111144,ac56427433c7ab4b,e3eaeae9367bd84c,1027,360215,198686,8967,115994,0,0,0,0,0,0,0,84154,84153,8967,7,2,2,66229,66229,8967,0,0,0
nocache_d1_f1a,nocache_d1,f1a,1,2,0,0,0,1,f0edcd2528c01520eb4e4922266a7913c5c7539b,lcvex-commit-digest-v2-active-payload,e5b91adc9211d485cb0ab8e8961ec8d5af7a548874c124b767dd7f3b880d4e4d,184eb6e1d8ad80234110b30972e6f60cee240db23d210871690270b9d70518d5,kernel_sort,pass,403809,70932,0.175657,42cdde3e7dbc488f,d19864be4fb8646a,8575,85743,212798,8592,102890,0,0,0,0,0,0,0,88082,88081,8592,144,1,1,70933,70933,8592,0,0,0
nocache_d2_f0,nocache_d2,f0,0,2,0,0,0,2,f0edcd2528c01520eb4e4922266a7913c5c7539b,lcvex-commit-digest-v2-active-payload,6a42e7f5725dc0c21e3b4c53818dc7b444fb74c71836272e57549ce5dd2fada2,fd70bfab998b564fd78b6dddd0e29ec3814f31409118868c50511cfb3cae6b4b,alu_latency,pass,5795747,750049,0.129414,ab7d672bf0489762,0dd7f555d8ef95bf,4,59,4795687,250011,63,0,0,0,0,0,0,0,750056,750055,0,0,0,0,0,0,0,0,0,0
nocache_d2_f0,nocache_d2,f0,0,2,0,0,0,2,f0edcd2528c01520eb4e4922266a7913c5c7539b,lcvex-commit-digest-v2-active-payload,ee5071f2ea85d04c7605e0f388bc3c441052f7167891c3f1fc323f8c42ba30fe,0b5bcd16c774981a81fed5126ab94511a5e514a222b7bafb6c84cee39506bc03,alu_ilp,pass,5791747,800072,0.13814,aadc4a0cbd347f6f,fe4b1964ce21abdf,4,48,4871666,120009,52,0,0,0,0,0,0,0,800079,800078,0,0,0,0,0,0,0,0,0,0
nocache_d2_f0,nocache_d2,f0,0,2,0,0,0,2,f0edcd2528c01520eb4e4922266a7913c5c7539b,lcvex-commit-digest-v2-active-payload,d7833e3308a67e3dac8fd2a709fa09fa4515f962d05c6d50b9a38b37ef7239a9,e193e924e846b0102cf58740dace1021d476fb6cdf56c732ec6d4a00a4f42890,ctrl_branch,pass,5172730,690074,0.133406,a555baec3f932af5,0617c8083a02b214,13,210189,4262645,220011,230203,0,0,0,0,0,0,0,710098,710097,0,0,0,0,0,0,0,0,0,0
nocache_d2_f0,nocache_d2,f0,0,2,0,0,0,2,f0edcd2528c01520eb4e4922266a7913c5c7539b,lcvex-commit-digest-v2-active-payload,15fd905d138a6df8354b7de56ac4d0a6571255e811da4bda28c623306ddd04b1,8ffba56ab71aef16093baaabe809ae1077cf7dc87b1728cf7a306b405bcbee4f,muldiv,pass,910270,28131,0.030904,3e32aa67b5b00284,2f8508123d7fffb6,4,768047,874124,8015,51,0,0,0,0,0,0,0,28138,28137,0,0,0,0,0,0,0,0,0,0
nocache_d2_f0,nocache_d2,f0,0,2,0,0,0,2,f0edcd2528c01520eb4e4922266a7913c5c7539b,lcvex-commit-digest-v2-active-payload,91908b5c9bdb76219fb9c6e1e0315b90eb4572c2294ffaeed36559f5e10cf5a1,92c4cf43107a173345475b6ced3048356a6a1f56a4bacbe563e2a5eddf5b9527,mem_seq,pass,7273882,803657,0.110485,46e5ead18aa77a80,6b40dea7a6ade5c3,114714,2302267,6298101,172124,2531444,0,0,0,0,0,0,0,1033095,1033094,0,0,0,0,0,0,0,0,0,0
nocache_d2_f0,nocache_d2,f0,0,2,0,0,0,2,f0edcd2528c01520eb4e4922266a7913c5c7539b,lcvex-commit-digest-v2-active-payload,a22a6581ca83718f4469eb6d2963301b70aad6f154d968a5ed1d14f76c17a012,587353343730b0048d3c5fb51f3427d0720bf16b47bcc867790019daf049739e,mem_random,pass,6131621,475192,0.077499,dbf7d5db29bb57c7,4e707e98e0c89190,8197,3384950,5549926,106503,1197693,0,0,0,0,0,0,0,581698,581697,0,0,0,0,0,0,0,0,0,0
nocache_d2_f0,nocache_d2,f0,0,2,0,0,0,2,f0edcd2528c01520eb4e4922266a7913c5c7539b,lcvex-commit-digest-v2-active-payload,9677a27db2ff1bdd5c3c1265859d0a4e3d2e2e982c5de578f9c6b3ddd6967bdb,7c5d126f2e5f91595151f55118733d0eb9dad8c852b20c4ea36b261f144e09f8,mem_ldst,pass,2686449,307280,0.114381,6205aef83a11b461,b536144c404de75f,34824,756597,2340246,38923,807810,0,0,0,0,0,0,0,383072,383071,0,0,0,0,0,0,0,0,0,0
nocache_d2_f0,nocache_d2,f0,0,2,0,0,0,2,f0edcd2528c01520eb4e4922266a7913c5c7539b,lcvex-commit-digest-v2-active-payload,43f052447435fd53aaac2e950fa164d70ad3ec330184391c7fc51dece42b1e24,49fb782bb39c54c13ec9d34b1c028a749347fbc86c1a0b1a36aeca8e9fb5ac70,fp_scalar,pass,507274,65963,0.130034,b0efde5ed79308a1,4078dabba91c60f0,19,16599,428971,12339,236,0,0,0,0,0,0,0,65985,65984,0,0,0,0,0,0,0,0,0,0
nocache_d2_f0,nocache_d2,f0,0,2,0,0,0,2,f0edcd2528c01520eb4e4922266a7913c5c7539b,lcvex-commit-digest-v2-active-payload,7af526c8bceda1a75a49a3966ddd2ea2d3a4250d0cb308eea370d8a37e10a164,e868b221ba0f6d069e08fd29e26aeed380346c54c140ceae23725d2cd4feb98f,fp_fp16,pass,597568,82013,0.137245,34d6e3bf9d8ba016,a8dddf1e0170212e,5,66,507361,8193,72,0,0,0,0,0,0,0,82020,82019,0,0,0,0,0,0,0,0,0,0
nocache_d2_f0,nocache_d2,f0,0,2,0,0,0,2,f0edcd2528c01520eb4e4922266a7913c5c7539b,lcvex-commit-digest-v2-active-payload,50503906eac74f96b4f66ac6bd268a5b8ad213619ef3aaa24c24a59132f6eba3,6ebbd4c33bce14151a78f318bb2a352f496f9def93b6cdd417b91d057db1f7bf,neon_vect,pass,524132,66721,0.127298,5c1d4f0a0f31cfe7,3ba6dea5f6c76128,4116,68198,446664,10746,72362,0,0,0,0,0,0,0,75029,75028,0,0,0,0,0,0,0,0,0,0
nocache_d2_f0,nocache_d2,f0,0,2,0,0,0,2,f0edcd2528c01520eb4e4922266a7913c5c7539b,lcvex-commit-digest-v2-active-payload,fbac71a9245c9c9e8db76a55a9902403837768807c151238d9276d886231762a,a22f6ceaffd2b2c84c7bf85a875c5f1844b7d3d254818aea5fbb0d0f8b2362bc,kernel_crc,pass,426973,56697,0.132788,05d1f1a49f7166fe,4b7827dca661ce52,513,52308,367709,2567,52565,0,0,0,0,0,0,0,61581,61580,0,0,0,0,0,0,0,0,0,0
nocache_d2_f0,nocache_d2,f0,0,2,0,0,0,2,f0edcd2528c01520eb4e4922266a7913c5c7539b,lcvex-commit-digest-v2-active-payload,cb582ed68582f9a3b3e5ef1eb386e98e0557da56ab12dcac0b535085ed381375,e800011683cc5415427fbd451d41488be7051910b4abfb3c76c4082e59b42a58,kernel_hash,pass,83266,6521,0.078315,a15e1ee633376e4e,382ce89b02dbde6a,259,46162,75444,1301,14398,0,0,0,0,0,0,0,7816,7815,0,0,0,0,0,0,0,0,0,0
nocache_d2_f0,nocache_d2,f0,0,2,0,0,0,2,f0edcd2528c01520eb4e4922266a7913c5c7539b,lcvex-commit-digest-v2-active-payload,1606fdfe0ce13e2c536aba641c075539fd5f99e6f856f4c75905280ea41811f5,591f07d83da50b47ba57760f75e2fffe40c0dfd0c3821973c300b7c7ae03a8c4,kernel_matmul,pass,805114,66228,0.082259,ac56427433c7ab4b,e3eaeae9367bd84c,1027,444565,729919,8967,200344,0,0,0,0,0,0,0,84154,84153,0,0,0,0,0,0,0,0,0,0
nocache_d2_f0,nocache_d2,f0,0,2,0,0,0,2,f0edcd2528c01520eb4e4922266a7913c5c7539b,lcvex-commit-digest-v2-active-payload,e5b91adc9211d485cb0ab8e8961ec8d5af7a548874c124b767dd7f3b880d4e4d,184eb6e1d8ad80234110b30972e6f60cee240db23d210871690270b9d70518d5,kernel_sort,pass,614262,70932,0.115475,42cdde3e7dbc488f,d19864be4fb8646a,8575,173722,534738,8592,190869,0,0,0,0,0,0,0,88082,88081,0,0,0,0,0,0,0,0,0,0
nocache_d2_f1a,nocache_d2,f1a,1,2,0,0,0,2,f0edcd2528c01520eb4e4922266a7913c5c7539b,lcvex-commit-digest-v2-active-payload,6a42e7f5725dc0c21e3b4c53818dc7b444fb74c71836272e57549ce5dd2fada2,fd70bfab998b564fd78b6dddd0e29ec3814f31409118868c50511cfb3cae6b4b,alu_latency,pass,4904275,750049,0.152938,ab7d672bf0489762,0dd7f555d8ef95bf,4,53,3654147,250011,57,0,0,0,0,0,0,0,750056,750055,250011,155,1,1,750050,750050,250011,0,0,0
nocache_d2_f1a,nocache_d2,f1a,1,2,0,0,0,2,f0edcd2528c01520eb4e4922266a7913c5c7539b,lcvex-commit-digest-v2-active-payload,ee5071f2ea85d04c7605e0f388bc3c441052f7167891c3f1fc323f8c42ba30fe,0b5bcd16c774981a81fed5126ab94511a5e514a222b7bafb6c84cee39506bc03,alu_ilp,pass,4877653,800072,0.164028,aadc4a0cbd347f6f,fe4b1964ce21abdf,4,49,3837516,120009,53,0,0,0,0,0,0,0,800079,800078,120009,201,1,1,800073,800073,120009,0,0,0
nocache_d2_f1a,nocache_d2,f1a,1,2,0,0,0,2,f0edcd2528c01520eb4e4922266a7913c5c7539b,lcvex-commit-digest-v2-active-payload,d7833e3308a67e3dac8fd2a709fa09fa4515f962d05c6d50b9a38b37ef7239a9,e193e924e846b0102cf58740dace1021d476fb6cdf56c732ec6d4a00a4f42890,ctrl_branch,pass,4599259,690074,0.15004,a555baec3f932af5,0617c8083a02b214,13,163713,3317226,220011,183727,0,0,0,0,0,0,0,710098,710097,220011,107,1,1,690075,690075,220011,0,0,0
nocache_d2_f1a,nocache_d2,f1a,1,2,0,0,0,2,f0edcd2528c01520eb4e4922266a7913c5c7539b,lcvex-commit-digest-v2-active-payload,15fd905d138a6df8354b7de56ac4d0a6571255e811da4bda28c623306ddd04b1,8ffba56ab71aef16093baaabe809ae1077cf7dc87b1728cf7a306b405bcbee4f,muldiv,pass,857352,28131,0.032811,3e32aa67b5b00284,2f8508123d7fffb6,4,768048,135353,8015,52,0,0,0,0,0,0,0,28138,28137,8015,79,2,2,28132,28132,8015,0,0,0
nocache_d2_f1a,nocache_d2,f1a,1,2,0,0,0,2,f0edcd2528c01520eb4e4922266a7913c5c7539b,lcvex-commit-digest-v2-active-payload,91908b5c9bdb76219fb9c6e1e0315b90eb4572c2294ffaeed36559f5e10cf5a1,92c4cf43107a173345475b6ced3048356a6a1f56a4bacbe563e2a5eddf5b9527,mem_seq,pass,6664445,803657,0.120589,46e5ead18aa77a80,6b40dea7a6ade5c3,114714,2086130,3919485,172124,2315307,0,0,0,0,0,0,0,1033095,1033094,172124,92,2,2,803658,803658,172124,0,0,0
nocache_d2_f1a,nocache_d2,f1a,1,2,0,0,0,2,f0edcd2528c01520eb4e4922266a7913c5c7539b,lcvex-commit-digest-v2-active-payload,a22a6581ca83718f4469eb6d2963301b70aad6f154d968a5ed1d14f76c17a012,587353343730b0048d3c5fb51f3427d0720bf16b47bcc867790019daf049739e,mem_random,pass,5460430,475192,0.087025,dbf7d5db29bb57c7,4e707e98e0c89190,8197,3136821,2268402,106503,949564,0,0,0,0,0,0,0,581698,581697,106503,7,2,2,475193,475193,106503,0,0,0
nocache_d2_f1a,nocache_d2,f1a,1,2,0,0,0,2,f0edcd2528c01520eb4e4922266a7913c5c7539b,lcvex-commit-digest-v2-active-payload,9677a27db2ff1bdd5c3c1265859d0a4e3d2e2e982c5de578f9c6b3ddd6967bdb,7c5d126f2e5f91595151f55118733d0eb9dad8c852b20c4ea36b261f144e09f8,mem_ldst,pass,2416532,307280,0.127157,6205aef83a11b461,b536144c404de75f,34824,668465,1511274,38923,719678,0,0,0,0,0,0,0,383072,383071,38923,11,1,1,307281,307281,38923,0,0,0
nocache_d2_f1a,nocache_d2,f1a,1,2,0,0,0,2,f0edcd2528c01520eb4e4922266a7913c5c7539b,lcvex-commit-digest-v2-active-payload,43f052447435fd53aaac2e950fa164d70ad3ec330184391c7fc51dece42b1e24,49fb782bb39c54c13ec9d34b1c028a749347fbc86c1a0b1a36aeca8e9fb5ac70,fp_scalar,pass,425247,65963,0.155117,b0efde5ed79308a1,4078dabba91c60f0,19,16585,318610,12339,219,0,0,0,0,0,0,0,65986,65985,12340,52,2,2,65964,65964,12340,1,3,0
nocache_d2_f1a,nocache_d2,f1a,1,2,0,0,0,2,f0edcd2528c01520eb4e4922266a7913c5c7539b,lcvex-commit-digest-v2-active-payload,7af526c8bceda1a75a49a3966ddd2ea2d3a4250d0cb308eea370d8a37e10a164,e868b221ba0f6d069e08fd29e26aeed380346c54c140ceae23725d2cd4feb98f,fp_fp16,pass,492175,82013,0.166634,34d6e3bf9d8ba016,a8dddf1e0170212e,5,54,393732,8193,57,0,0,0,0,0,0,0,82021,82020,8194,2,1,1,82014,82014,8194,1,3,0
nocache_d2_f1a,nocache_d2,f1a,1,2,0,0,0,2,f0edcd2528c01520eb4e4922266a7913c5c7539b,lcvex-commit-digest-v2-active-payload,50503906eac74f96b4f66ac6bd268a5b8ad213619ef3aaa24c24a59132f6eba3,6ebbd4c33bce14151a78f318bb2a352f496f9def93b6cdd417b91d057db1f7bf,neon_vect,pass,461757,66721,0.144494,5c1d4f0a0f31cfe7,3ba6dea5f6c76128,4116,67241,318033,10746,71402,0,0,0,0,0,0,0,75030,75029,10747,251,1,1,66722,66722,10747,1,3,0
nocache_d2_f1a,nocache_d2,f1a,1,2,0,0,0,2,f0edcd2528c01520eb4e4922266a7913c5c7539b,lcvex-commit-digest-v2-active-payload,fbac71a9245c9c9e8db76a55a9902403837768807c151238d9276d886231762a,a22f6ceaffd2b2c84c7bf85a875c5f1844b7d3d254818aea5fbb0d0f8b2362bc,kernel_crc,pass,396357,56697,0.143045,05d1f1a49f7166fe,4b7827dca661ce52,513,49929,297731,2567,50186,0,0,0,0,0,0,0,61581,61580,2567,7,1,1,56698,56698,2567,0,0,0
nocache_d2_f1a,nocache_d2,f1a,1,2,0,0,0,2,f0edcd2528c01520eb4e4922266a7913c5c7539b,lcvex-commit-digest-v2-active-payload,cb582ed68582f9a3b3e5ef1eb386e98e0557da56ab12dcac0b535085ed381375,e800011683cc5415427fbd451d41488be7051910b4abfb3c76c4082e59b42a58,kernel_hash,pass,76097,6521,0.085693,a15e1ee633376e4e,382ce89b02dbde6a,259,45741,32984,1301,13977,0,0,0,0,0,0,0,7816,7815,1301,21,2,2,6522,6522,1301,0,0,0
nocache_d2_f1a,nocache_d2,f1a,1,2,0,0,0,2,f0edcd2528c01520eb4e4922266a7913c5c7539b,lcvex-commit-digest-v2-active-payload,1606fdfe0ce13e2c536aba641c075539fd5f99e6f856f4c75905280ea41811f5,591f07d83da50b47ba57760f75e2fffe40c0dfd0c3821973c300b7c7ae03a8c4,kernel_matmul,pass,740307,66228,0.08946,ac56427433c7ab4b,e3eaeae9367bd84c,1027,437173,334210,8967,192952,0,0,0,0,0,0,0,84154,84153,8967,7,2,2,66229,66229,8967,0,0,0
nocache_d2_f1a,nocache_d2,f1a,1,2,0,0,0,2,f0edcd2528c01520eb4e4922266a7913c5c7539b,lcvex-commit-digest-v2-active-payload,e5b91adc9211d485cb0ab8e8961ec8d5af7a548874c124b767dd7f3b880d4e4d,184eb6e1d8ad80234110b30972e6f60cee240db23d210871690270b9d70518d5,kernel_sort,pass,562964,70932,0.125997,42cdde3e7dbc488f,d19864be4fb8646a,8575,150801,343470,8592,167948,0,0,0,0,0,0,0,88082,88081,8592,144,1,1,70933,70933,8592,0,0,0
fullcache_d1_f0,fullcache_d1,f0,0,2,1,1,1,1,f0edcd2528c01520eb4e4922266a7913c5c7539b,lcvex-commit-digest-v2-active-payload,6a42e7f5725dc0c21e3b4c53818dc7b444fb74c71836272e57549ce5dd2fada2,fd70bfab998b564fd78b6dddd0e29ec3814f31409118868c50511cfb3cae6b4b,alu_latency,pass,2500531,750049,0.299956,ab7d672bf0489762,0dd7f555d8ef95bf,4,84,1500471,250011,88,0,750045,5,1,1,49,6,59,60,0,0,0,0,0,0,0,0,0,0
fullcache_d1_f0,fullcache_d1,f0,0,2,1,1,1,1,f0edcd2528c01520eb4e4922266a7913c5c7539b,lcvex-commit-digest-v2-active-payload,ee5071f2ea85d04c7605e0f388bc3c441052f7167891c3f1fc323f8c42ba30fe,0b5bcd16c774981a81fed5126ab94511a5e514a222b7bafb6c84cee39506bc03,alu_ilp,pass,2520646,800072,0.317408,aadc4a0cbd347f6f,fe4b1964ce21abdf,4,84,1600565,120009,88,0,800067,6,1,1,56,7,67,68,0,0,0,0,0,0,0,0,0,0
fullcache_d1_f0,fullcache_d1,f0,0,2,1,1,1,1,f0edcd2528c01520eb4e4922266a7913c5c7539b,lcvex-commit-digest-v2-active-payload,d7833e3308a67e3dac8fd2a709fa09fa4515f962d05c6d50b9a38b37ef7239a9,e193e924e846b0102cf58740dace1021d476fb6cdf56c732ec6d4a00a4f42890,ctrl_branch,pass,2330838,690074,0.296063,a555baec3f932af5,0617c8083a02b214,13,40220,1420753,220011,60234,0,690068,7,20008,2,70,9,92,93,0,0,0,0,0,0,0,0,0,0
fullcache_d1_f0,fullcache_d1,f0,0,2,1,1,1,1,f0edcd2528c01520eb4e4922266a7913c5c7539b,lcvex-commit-digest-v2-active-payload,15fd905d138a6df8354b7de56ac4d0a6571255e811da4bda28c623306ddd04b1,8ffba56ab71aef16093baaabe809ae1077cf7dc87b1728cf7a306b405bcbee4f,muldiv,pass,849069,28131,0.033132,3e32aa67b5b00284,2f8508123d7fffb6,4,768084,812923,8015,88,0,28121,11,1,1,91,12,107,108,0,0,0,0,0,0,0,0,0,0
fullcache_d1_f0,fullcache_d1,f0,0,2,1,1,1,1,f0edcd2528c01520eb4e4922266a7913c5c7539b,lcvex-commit-digest-v2-active-payload,91908b5c9bdb76219fb9c6e1e0315b90eb4572c2294ffaeed36559f5e10cf5a1,92c4cf43107a173345475b6ced3048356a6a1f56a4bacbe563e2a5eddf5b9527,mem_seq,pass,4256235,803657,0.188819,46e5ead18aa77a80,6b40dea7a6ade5c3,114714,1672808,3280454,172124,1901985,0,803652,6,102386,12337,88495,10256,213465,196770,0,0,0,0,0,0,0,0,0,0
fullcache_d1_f0,fullcache_d1,f0,0,2,1,1,1,1,f0edcd2528c01520eb4e4922266a7913c5c7539b,lcvex-commit-digest-v2-active-payload,a22a6581ca83718f4469eb6d2963301b70aad6f154d968a5ed1d14f76c17a012,587353343730b0048d3c5fb51f3427d0720bf16b47bcc867790019daf049739e,mem_random,pass,7028750,475192,0.067607,dbf7d5db29bb57c7,4e707e98e0c89190,8197,5627440,6447055,106503,3440183,0,475187,6,5660,92648,691574,49665,749436,405525,0,0,0,0,0,0,0,0,0,0
fullcache_d1_f0,fullcache_d1,f0,0,2,1,1,1,1,f0edcd2528c01520eb4e4922266a7913c5c7539b,lcvex-commit-digest-v2-active-payload,9677a27db2ff1bdd5c3c1265859d0a4e3d2e2e982c5de578f9c6b3ddd6967bdb,7c5d126f2e5f91595151f55118733d0eb9dad8c852b20c4ea36b261f144e09f8,mem_ldst,pass,1403786,307280,0.218894,6205aef83a11b461,b536144c404de75f,34824,450782,1057583,38923,501995,0,307273,8,36866,4101,32613,266,67703,36960,0,0,0,0,0,0,0,0,0,0
fullcache_d1_f0,fullcache_d1,f0,0,2,1,1,1,1,f0edcd2528c01520eb4e4922266a7913c5c7539b,lcvex-commit-digest-v2-active-payload,43f052447435fd53aaac2e950fa164d70ad3ec330184391c7fc51dece42b1e24,49fb782bb39c54c13ec9d34b1c028a749347fbc86c1a0b1a36aeca8e9fb5ac70,fp_scalar,pass,227855,65963,0.289496,b0efde5ed79308a1,4078dabba91c60f0,19,16653,149552,12339,289,0,65943,22,1,1,168,23,210,211,0,0,0,0,0,0,0,0,0,0
fullcache_d1_f0,fullcache_d1,f0,0,2,1,1,1,1,f0edcd2528c01520eb4e4922266a7913c5c7539b,lcvex-commit-digest-v2-active-payload,7af526c8bceda1a75a49a3966ddd2ea2d3a4250d0cb308eea370d8a37e10a164,e868b221ba0f6d069e08fd29e26aeed380346c54c140ceae23725d2cd4feb98f,fp_fp16,pass,254805,82013,0.321866,34d6e3bf9d8ba016,a8dddf1e0170212e,5,91,164598,8193,96,0,82006,9,0,1,77,10,92,93,0,0,0,0,0,0,0,0,0,0
fullcache_d1_f0,fullcache_d1,f0,0,2,1,1,1,1,f0edcd2528c01520eb4e4922266a7913c5c7539b,lcvex-commit-digest-v2-active-payload,50503906eac74f96b4f66ac6bd268a5b8ad213619ef3aaa24c24a59132f6eba3,6ebbd4c33bce14151a78f318bb2a352f496f9def93b6cdd417b91d057db1f7bf,neon_vect,pass,253416,66721,0.263286,5c1d4f0a0f31cfe7,3ba6dea5f6c76128,4116,41823,175948,10746,45986,0,66708,15,4181,10,183,24,4323,4316,0,0,0,0,0,0,0,0,0,0
fullcache_d1_f0,fullcache_d1,f0,0,2,1,1,1,1,f0edcd2528c01520eb4e4922266a7913c5c7539b,lcvex-commit-digest-v2-active-payload,fbac71a9245c9c9e8db76a55a9902403837768807c151238d9276d886231762a,a22f6ceaffd2b2c84c7bf85a875c5f1844b7d3d254818aea5fbb0d0f8b2362bc,kernel_crc,pass,190088,56697,0.298267,05d1f1a49f7166fe,4b7827dca661ce52,513,19262,130824,2567,19519,0,56689,9,4332,38,337,46,896,889,0,0,0,0,0,0,0,0,0,0
fullcache_d1_f0,fullcache_d1,f0,0,2,1,1,1,1,f0edcd2528c01520eb4e4922266a7913c5c7539b,lcvex-commit-digest-v2-active-payload,cb582ed68582f9a3b3e5ef1eb386e98e0557da56ab12dcac0b535085ed381375,e800011683cc5415427fbd451d41488be7051910b4abfb3c76c4082e59b42a58,kernel_hash,pass,57526,6521,0.113357,a15e1ee633376e4e,382ce89b02dbde6a,259,37454,49704,1301,5690,0,6518,4,1029,6,78,9,346,339,0,0,0,0,0,0,0,0,0,0
fullcache_d1_f0,fullcache_d1,f0,0,2,1,1,1,1,f0edcd2528c01520eb4e4922266a7913c5c7539b,lcvex-commit-digest-v2-active-payload,1606fdfe0ce13e2c536aba641c075539fd5f99e6f856f4c75905280ea41811f5,591f07d83da50b47ba57760f75e2fffe40c0dfd0c3821973c300b7c7ae03a8c4,kernel_matmul,pass,506304,66228,0.130807,ac56427433c7ab4b,e3eaeae9367bd84c,1027,306508,431109,8967,62287,0,66223,6,16849,49,392,55,1474,1475,0,0,0,0,0,0,0,0,0,0
fullcache_d1_f0,fullcache_d1,f0,0,2,1,1,1,1,f0edcd2528c01520eb4e4922266a7913c5c7539b,lcvex-commit-digest-v2-active-payload,e5b91adc9211d485cb0ab8e8961ec8d5af7a548874c124b767dd7f3b880d4e4d,184eb6e1d8ad80234110b30972e6f60cee240db23d210871690270b9d70518d5,kernel_sort,pass,307617,70932,0.230585,42cdde3e7dbc488f,d19864be4fb8646a,8575,85988,228093,8592,103135,0,70929,4,8569,5,70,9,8654,8655,0,0,0,0,0,0,0,0,0,0
fullcache_d1_f1a,fullcache_d1,f1a,1,2,1,1,1,1,f0edcd2528c01520eb4e4922266a7913c5c7539b,lcvex-commit-digest-v2-active-payload,6a42e7f5725dc0c21e3b4c53818dc7b444fb74c71836272e57549ce5dd2fada2,fd70bfab998b564fd78b6dddd0e29ec3814f31409118868c50511cfb3cae6b4b,alu_latency,pass,2000510,750049,0.374929,ab7d672bf0489762,0dd7f555d8ef95bf,4,85,750338,250011,88,0,750045,5,1,1,49,6,59,60,250011,155,1,1,750051,750050,250011,0,0,0
fullcache_d1_f1a,fullcache_d1,f1a,1,2,1,1,1,1,f0edcd2528c01520eb4e4922266a7913c5c7539b,lcvex-commit-digest-v2-active-payload,ee5071f2ea85d04c7605e0f388bc3c441052f7167891c3f1fc323f8c42ba30fe,0b5bcd16c774981a81fed5126ab94511a5e514a222b7bafb6c84cee39506bc03,alu_ilp,pass,1840592,800072,0.434682,aadc4a0cbd347f6f,fe4b1964ce21abdf,4,85,800409,120009,88,0,800067,6,1,1,56,7,67,68,120009,201,1,1,800074,800073,120009,0,0,0
fullcache_d1_f1a,fullcache_d1,f1a,1,2,1,1,1,1,f0edcd2528c01520eb4e4922266a7913c5c7539b,lcvex-commit-digest-v2-active-payload,d7833e3308a67e3dac8fd2a709fa09fa4515f962d05c6d50b9a38b37ef7239a9,e193e924e846b0102cf58740dace1021d476fb6cdf56c732ec6d4a00a4f42890,ctrl_branch,pass,1860797,690074,0.370849,a555baec3f932af5,0617c8083a02b214,13,40226,690459,220011,60234,0,690068,7,20008,2,70,9,92,93,220011,107,1,1,690076,690075,220011,0,0,0
fullcache_d1_f1a,fullcache_d1,f1a,1,2,1,1,1,1,f0edcd2528c01520eb4e4922266a7913c5c7539b,lcvex-commit-digest-v2-active-payload,15fd905d138a6df8354b7de56ac4d0a6571255e811da4bda28c623306ddd04b1,8ffba56ab71aef16093baaabe809ae1077cf7dc87b1728cf7a306b405bcbee4f,muldiv,pass,828982,28131,0.033934,3e32aa67b5b00284,2f8508123d7fffb6,4,768085,28708,8015,88,0,28121,11,1,1,91,12,107,108,8015,79,2,2,28133,28132,8015,0,0,0
fullcache_d1_f1a,fullcache_d1,f1a,1,2,1,1,1,1,f0edcd2528c01520eb4e4922266a7913c5c7539b,lcvex-commit-digest-v2-active-payload,91908b5c9bdb76219fb9c6e1e0315b90eb4572c2294ffaeed36559f5e10cf5a1,92c4cf43107a173345475b6ced3048356a6a1f56a4bacbe563e2a5eddf5b9527,mem_seq,pass,3624837,803657,0.221708,46e5ead18aa77a80,6b40dea7a6ade5c3,114714,1787549,804042,172124,1902018,0,803652,6,102386,12337,88495,10256,213465,196770,172124,92,2,2,803659,803658,172124,0,0,0
fullcache_d1_f1a,fullcache_d1,f1a,1,2,1,1,1,1,f0edcd2528c01520eb4e4922266a7913c5c7539b,lcvex-commit-digest-v2-active-payload,a22a6581ca83718f4469eb6d2963301b70aad6f154d968a5ed1d14f76c17a012,587353343730b0048d3c5fb51f3427d0720bf16b47bcc867790019daf049739e,mem_random,pass,6619107,475192,0.071791,dbf7d5db29bb57c7,4e707e98e0c89190,8197,5627441,475535,106503,3440183,0,475187,6,5660,92648,691574,49665,749436,405525,106503,7,2,2,475194,475193,106503,0,0,0
fullcache_d1_f1a,fullcache_d1,f1a,1,2,1,1,1,1,f0edcd2528c01520eb4e4922266a7913c5c7539b,lcvex-commit-digest-v2-active-payload,9677a27db2ff1bdd5c3c1265859d0a4e3d2e2e982c5de578f9c6b3ddd6967bdb,7c5d126f2e5f91595151f55118733d0eb9dad8c852b20c4ea36b261f144e09f8,mem_ldst,pass,1119057,307280,0.274588,6205aef83a11b461,b536144c404de75f,34824,471266,307713,38923,501995,0,307273,8,36866,4101,32613,266,67703,36960,38923,11,2,2,307282,307281,38923,0,0,0
fullcache_d1_f1a,fullcache_d1,f1a,1,2,1,1,1,1,f0edcd2528c01520eb4e4922266a7913c5c7539b,lcvex-commit-digest-v2-active-payload,43f052447435fd53aaac2e950fa164d70ad3ec330184391c7fc51dece42b1e24,49fb782bb39c54c13ec9d34b1c028a749347fbc86c1a0b1a36aeca8e9fb5ac70,fp_scalar,pass,174267,65963,0.378517,b0efde5ed79308a1,4078dabba91c60f0,19,16685,67088,12339,320,0,65944,22,1,1,168,23,210,211,12340,52,2,2,65966,65964,12340,1,0,0
fullcache_d1_f1a,fullcache_d1,f1a,1,2,1,1,1,1,f0edcd2528c01520eb4e4922266a7913c5c7539b,lcvex-commit-digest-v2-active-payload,7af526c8bceda1a75a49a3966ddd2ea2d3a4250d0cb308eea370d8a37e10a164,e868b221ba0f6d069e08fd29e26aeed380346c54c140ceae23725d2cd4feb98f,fp_fp16,pass,180993,82013,0.453128,34d6e3bf9d8ba016,a8dddf1e0170212e,5,125,82502,8193,129,0,82007,9,0,1,77,10,92,93,8194,2,1,1,82016,82014,8194,1,0,0
fullcache_d1_f1a,fullcache_d1,f1a,1,2,1,1,1,1,f0edcd2528c01520eb4e4922266a7913c5c7539b,lcvex-commit-digest-v2-active-payload,50503906eac74f96b4f66ac6bd268a5b8ad213619ef3aaa24c24a59132f6eba3,6ebbd4c33bce14151a78f318bb2a352f496f9def93b6cdd417b91d057db1f7bf,neon_vect,pass,200055,66721,0.333513,5c1d4f0a0f31cfe7,3ba6dea5f6c76128,4116,41823,67552,10746,45985,0,66709,15,4181,10,183,24,4323,4316,10747,251,1,1,66724,66722,10747,1,0,0
fullcache_d1_f1a,fullcache_d1,f1a,1,2,1,1,1,1,f0edcd2528c01520eb4e4922266a7913c5c7539b,lcvex-commit-digest-v2-active-payload,fbac71a9245c9c9e8db76a55a9902403837768807c151238d9276d886231762a,a22f6ceaffd2b2c84c7bf85a875c5f1844b7d3d254818aea5fbb0d0f8b2362bc,kernel_crc,pass,133669,56697,0.42416,05d1f1a49f7166fe,4b7827dca661ce52,513,21319,57178,2567,19519,0,56689,9,4332,38,337,46,896,889,2567,7,2,2,56699,56698,2567,0,0,0
fullcache_d1_f1a,fullcache_d1,f1a,1,2,1,1,1,1,f0edcd2528c01520eb4e4922266a7913c5c7539b,lcvex-commit-digest-v2-active-payload,cb582ed68582f9a3b3e5ef1eb386e98e0557da56ab12dcac0b535085ed381375,e800011683cc5415427fbd451d41488be7051910b4abfb3c76c4082e59b42a58,kernel_hash,pass,52323,6521,0.12463,a15e1ee633376e4e,382ce89b02dbde6a,259,38488,6762,1301,5690,0,6518,4,1029,6,78,9,346,339,1301,21,2,2,6523,6522,1301,0,0,0
fullcache_d1_f1a,fullcache_d1,f1a,1,2,1,1,1,1,f0edcd2528c01520eb4e4922266a7913c5c7539b,lcvex-commit-digest-v2-active-payload,1606fdfe0ce13e2c536aba641c075539fd5f99e6f856f4c75905280ea41811f5,591f07d83da50b47ba57760f75e2fffe40c0dfd0c3821973c300b7c7ae03a8c4,kernel_matmul,pass,442554,66228,0.14965,ac56427433c7ab4b,e3eaeae9367bd84c,1027,307053,66577,8967,62320,0,66223,6,16849,49,392,55,1474,1475,8967,7,2,2,66230,66229,8967,0,0,0
fullcache_d1_f1a,fullcache_d1,f1a,1,2,1,1,1,1,f0edcd2528c01520eb4e4922266a7913c5c7539b,lcvex-commit-digest-v2-active-payload,e5b91adc9211d485cb0ab8e8961ec8d5af7a548874c124b767dd7f3b880d4e4d,184eb6e1d8ad80234110b30972e6f60cee240db23d210871690270b9d70518d5,kernel_sort,pass,262428,70932,0.270291,42cdde3e7dbc488f,d19864be4fb8646a,8575,86245,71173,8592,103135,0,70929,4,8569,5,70,9,8654,8655,8592,144,1,1,70934,70933,8592,0,0,0
fullcache_d2_f0,fullcache_d2,f0,0,2,1,1,1,2,f0edcd2528c01520eb4e4922266a7913c5c7539b,lcvex-commit-digest-v2-active-payload,6a42e7f5725dc0c21e3b4c53818dc7b444fb74c71836272e57549ce5dd2fada2,fd70bfab998b564fd78b6dddd0e29ec3814f31409118868c50511cfb3cae6b4b,alu_latency,pass,2500651,750049,0.299941,ab7d672bf0489762,0dd7f555d8ef95bf,4,111,1500591,250011,115,0,750045,5,1,1,49,6,59,60,0,0,0,0,0,0,0,0,0,0
fullcache_d2_f0,fullcache_d2,f0,0,2,1,1,1,2,f0edcd2528c01520eb4e4922266a7913c5c7539b,lcvex-commit-digest-v2-active-payload,ee5071f2ea85d04c7605e0f388bc3c441052f7167891c3f1fc323f8c42ba30fe,0b5bcd16c774981a81fed5126ab94511a5e514a222b7bafb6c84cee39506bc03,alu_ilp,pass,2520783,800072,0.31739,aadc4a0cbd347f6f,fe4b1964ce21abdf,4,106,1600702,120009,110,0,800067,6,1,1,56,7,67,68,0,0,0,0,0,0,0,0,0,0
fullcache_d2_f0,fullcache_d2,f0,0,2,1,1,1,2,f0edcd2528c01520eb4e4922266a7913c5c7539b,lcvex-commit-digest-v2-active-payload,d7833e3308a67e3dac8fd2a709fa09fa4515f962d05c6d50b9a38b37ef7239a9,e193e924e846b0102cf58740dace1021d476fb6cdf56c732ec6d4a00a4f42890,ctrl_branch,pass,2330995,690074,0.296043,a555baec3f932af5,0617c8083a02b214,13,40266,1420910,220011,60280,0,690068,7,20008,2,70,9,92,93,0,0,0,0,0,0,0,0,0,0
fullcache_d2_f0,fullcache_d2,f0,0,2,1,1,1,2,f0edcd2528c01520eb4e4922266a7913c5c7539b,lcvex-commit-digest-v2-active-payload,15fd905d138a6df8354b7de56ac4d0a6571255e811da4bda28c623306ddd04b1,8ffba56ab71aef16093baaabe809ae1077cf7dc87b1728cf7a306b405bcbee4f,muldiv,pass,849271,28131,0.033124,3e32aa67b5b00284,2f8508123d7fffb6,4,768113,813125,8015,117,0,28121,11,1,1,91,12,107,108,0,0,0,0,0,0,0,0,0,0
fullcache_d2_f0,fullcache_d2,f0,0,2,1,1,1,2,f0edcd2528c01520eb4e4922266a7913c5c7539b,lcvex-commit-digest-v2-active-payload,91908b5c9bdb76219fb9c6e1e0315b90eb4572c2294ffaeed36559f5e10cf5a1,92c4cf43107a173345475b6ced3048356a6a1f56a4bacbe563e2a5eddf5b9527,mem_seq,pass,4608436,803657,0.174388,46e5ead18aa77a80,6b40dea7a6ade5c3,114714,2024907,3632655,172124,2254084,0,803652,6,102386,12337,88495,10256,213465,196770,0,0,0,0,0,0,0,0,0,0
fullcache_d2_f0,fullcache_d2,f0,0,2,1,1,1,2,f0edcd2528c01520eb4e4922266a7913c5c7539b,lcvex-commit-digest-v2-active-payload,a22a6581ca83718f4469eb6d2963301b70aad6f154d968a5ed1d14f76c17a012,587353343730b0048d3c5fb51f3427d0720bf16b47bcc867790019daf049739e,mem_random,pass,7823254,475192,0.060741,dbf7d5db29bb57c7,4e707e98e0c89190,8197,6421861,7241559,106503,4234604,0,475187,6,5660,92648,691574,49665,749436,405525,0,0,0,0,0,0,0,0,0,0
fullcache_d2_f0,fullcache_d2,f0,0,2,1,1,1,2,f0edcd2528c01520eb4e4922266a7913c5c7539b,lcvex-commit-digest-v2-active-payload,9677a27db2ff1bdd5c3c1265859d0a4e3d2e2e982c5de578f9c6b3ddd6967bdb,7c5d126f2e5f91595151f55118733d0eb9dad8c852b20c4ea36b261f144e09f8,mem_ldst,pass,1493457,307280,0.205751,6205aef83a11b461,b536144c404de75f,34824,540318,1147254,38923,591531,0,307273,8,36866,4101,32613,266,67703,36960,0,0,0,0,0,0,0,0,0,0
fullcache_d2_f0,fullcache_d2,f0,0,2,1,1,1,2,f0edcd2528c01520eb4e4922266a7913c5c7539b,lcvex-commit-digest-v2-active-payload,43f052447435fd53aaac2e950fa164d70ad3ec330184391c7fc51dece42b1e24,49fb782bb39c54c13ec9d34b1c028a749347fbc86c1a0b1a36aeca8e9fb5ac70,fp_scalar,pass,228238,65963,0.28901,b0efde5ed79308a1,4078dabba91c60f0,19,16734,149935,12339,370,0,65943,22,1,1,168,23,210,211,0,0,0,0,0,0,0,0,0,0
fullcache_d2_f0,fullcache_d2,f0,0,2,1,1,1,2,f0edcd2528c01520eb4e4922266a7913c5c7539b,lcvex-commit-digest-v2-active-payload,7af526c8bceda1a75a49a3966ddd2ea2d3a4250d0cb308eea370d8a37e10a164,e868b221ba0f6d069e08fd29e26aeed380346c54c140ceae23725d2cd4feb98f,fp_fp16,pass,254981,82013,0.321644,34d6e3bf9d8ba016,a8dddf1e0170212e,5,125,164774,8193,130,0,82006,9,0,1,77,10,92,93,0,0,0,0,0,0,0,0,0,0
fullcache_d2_f0,fullcache_d2,f0,0,2,1,1,1,2,f0edcd2528c01520eb4e4922266a7913c5c7539b,lcvex-commit-digest-v2-active-payload,50503906eac74f96b4f66ac6bd268a5b8ad213619ef3aaa24c24a59132f6eba3,6ebbd4c33bce14151a78f318bb2a352f496f9def93b6cdd417b91d057db1f7bf,neon_vect,pass,262306,66721,0.254363,5c1d4f0a0f31cfe7,3ba6dea5f6c76128,4116,50494,184838,10746,54657,0,66708,15,4181,10,183,24,4323,4316,0,0,0,0,0,0,0,0,0,0
fullcache_d2_f0,fullcache_d2,f0,0,2,1,1,1,2,f0edcd2528c01520eb4e4922266a7913c5c7539b,lcvex-commit-digest-v2-active-payload,fbac71a9245c9c9e8db76a55a9902403837768807c151238d9276d886231762a,a22f6ceaffd2b2c84c7bf85a875c5f1844b7d3d254818aea5fbb0d0f8b2362bc,kernel_crc,pass,191715,56697,0.295736,05d1f1a49f7166fe,4b7827dca661ce52,513,20744,132451,2567,21001,0,56689,9,4332,38,337,46,896,889,0,0,0,0,0,0,0,0,0,0
fullcache_d2_f0,fullcache_d2,f0,0,2,1,1,1,2,f0edcd2528c01520eb4e4922266a7913c5c7539b,lcvex-commit-digest-v2-active-payload,cb582ed68582f9a3b3e5ef1eb386e98e0557da56ab12dcac0b535085ed381375,e800011683cc5415427fbd451d41488be7051910b4abfb3c76c4082e59b42a58,kernel_hash,pass,58077,6521,0.112282,a15e1ee633376e4e,382ce89b02dbde6a,259,37928,50255,1301,6164,0,6518,4,1029,6,78,9,346,339,0,0,0,0,0,0,0,0,0,0
fullcache_d2_f0,fullcache_d2,f0,0,2,1,1,1,2,f0edcd2528c01520eb4e4922266a7913c5c7539b,lcvex-commit-digest-v2-active-payload,1606fdfe0ce13e2c536aba641c075539fd5f99e6f856f4c75905280ea41811f5,591f07d83da50b47ba57760f75e2fffe40c0dfd0c3821973c300b7c7ae03a8c4,kernel_matmul,pass,509256,66228,0.130049,ac56427433c7ab4b,e3eaeae9367bd84c,1027,309358,434061,8967,65137,0,66223,6,16849,49,392,55,1474,1475,0,0,0,0,0,0,0,0,0,0
fullcache_d2_f0,fullcache_d2,f0,0,2,1,1,1,2,f0edcd2528c01520eb4e4922266a7913c5c7539b,lcvex-commit-digest-v2-active-payload,e5b91adc9211d485cb0ab8e8961ec8d5af7a548874c124b767dd7f3b880d4e4d,184eb6e1d8ad80234110b30972e6f60cee240db23d210871690270b9d70518d5,kernel_sort,pass,328035,70932,0.216233,42cdde3e7dbc488f,d19864be4fb8646a,8575,106347,248511,8592,123494,0,70929,4,8569,5,70,9,8654,8655,0,0,0,0,0,0,0,0,0,0
fullcache_d2_f1a,fullcache_d2,f1a,1,2,1,1,1,2,f0edcd2528c01520eb4e4922266a7913c5c7539b,lcvex-commit-digest-v2-active-payload,6a42e7f5725dc0c21e3b4c53818dc7b444fb74c71836272e57549ce5dd2fada2,fd70bfab998b564fd78b6dddd0e29ec3814f31409118868c50511cfb3cae6b4b,alu_latency,pass,2000639,750049,0.374905,ab7d672bf0489762,0dd7f555d8ef95bf,4,110,750442,250011,113,0,750045,5,1,1,49,6,59,60,250011,155,1,1,750051,750050,250011,0,0,0
fullcache_d2_f1a,fullcache_d2,f1a,1,2,1,1,1,2,f0edcd2528c01520eb4e4922266a7913c5c7539b,lcvex-commit-digest-v2-active-payload,ee5071f2ea85d04c7605e0f388bc3c441052f7167891c3f1fc323f8c42ba30fe,0b5bcd16c774981a81fed5126ab94511a5e514a222b7bafb6c84cee39506bc03,alu_ilp,pass,1840708,800072,0.434654,aadc4a0cbd347f6f,fe4b1964ce21abdf,4,104,800506,120009,107,0,800067,6,1,1,56,7,67,68,120009,201,1,1,800074,800073,120009,0,0,0
fullcache_d2_f1a,fullcache_d2,f1a,1,2,1,1,1,2,f0edcd2528c01520eb4e4922266a7913c5c7539b,lcvex-commit-digest-v2-active-payload,d7833e3308a67e3dac8fd2a709fa09fa4515f962d05c6d50b9a38b37ef7239a9,e193e924e846b0102cf58740dace1021d476fb6cdf56c732ec6d4a00a4f42890,ctrl_branch,pass,1860999,690074,0.370808,a555baec3f932af5,0617c8083a02b214,13,40292,690595,220011,60300,0,690068,7,20008,2,70,9,92,93,220011,107,1,1,690076,690075,220011,0,0,0
fullcache_d2_f1a,fullcache_d2,f1a,1,2,1,1,1,2,f0edcd2528c01520eb4e4922266a7913c5c7539b,lcvex-commit-digest-v2-active-payload,15fd905d138a6df8354b7de56ac4d0a6571255e811da4bda28c623306ddd04b1,8ffba56ab71aef16093baaabe809ae1077cf7dc87b1728cf7a306b405bcbee4f,muldiv,pass,829193,28131,0.033926,3e32aa67b5b00284,2f8508123d7fffb6,4,768106,28898,8015,109,0,28121,11,1,1,91,12,107,108,8015,79,2,2,28133,28132,8015,0,0,0
fullcache_d2_f1a,fullcache_d2,f1a,1,2,1,1,1,2,f0edcd2528c01520eb4e4922266a7913c5c7539b,lcvex-commit-digest-v2-active-payload,91908b5c9bdb76219fb9c6e1e0315b90eb4572c2294ffaeed36559f5e10cf5a1,92c4cf43107a173345475b6ced3048356a6a1f56a4bacbe563e2a5eddf5b9527,mem_seq,pass,4000470,803657,0.200891,46e5ead18aa77a80,6b40dea7a6ade5c3,114714,2163085,804161,172124,2277554,0,803652,6,102386,12337,88495,10256,213465,196770,172124,92,2,2,803659,803658,172124,0,0,0
fullcache_d2_f1a,fullcache_d2,f1a,1,2,1,1,1,2,f0edcd2528c01520eb4e4922266a7913c5c7539b,lcvex-commit-digest-v2-active-payload,a22a6581ca83718f4469eb6d2963301b70aad6f154d968a5ed1d14f76c17a012,587353343730b0048d3c5fb51f3427d0720bf16b47bcc867790019daf049739e,mem_random,pass,7431062,475192,0.063947,dbf7d5db29bb57c7,4e707e98e0c89190,8197,6439299,475649,106503,4252041,0,475187,6,5660,92648,691574,49665,749436,405525,106503,7,2,2,475194,475193,106503,0,0,0
fullcache_d2_f1a,fullcache_d2,f1a,1,2,1,1,1,2,f0edcd2528c01520eb4e4922266a7913c5c7539b,lcvex-commit-digest-v2-active-payload,9677a27db2ff1bdd5c3c1265859d0a4e3d2e2e982c5de578f9c6b3ddd6967bdb,7c5d126f2e5f91595151f55118733d0eb9dad8c852b20c4ea36b261f144e09f8,mem_ldst,pass,1186821,307280,0.25891,6205aef83a11b461,b536144c404de75f,34824,538886,307857,38923,569615,0,307273,8,36866,4101,32613,266,67703,36960,38923,11,2,2,307282,307281,38923,0,0,0
fullcache_d2_f1a,fullcache_d2,f1a,1,2,1,1,1,2,f0edcd2528c01520eb4e4922266a7913c5c7539b,lcvex-commit-digest-v2-active-payload,43f052447435fd53aaac2e950fa164d70ad3ec330184391c7fc51dece42b1e24,49fb782bb39c54c13ec9d34b1c028a749347fbc86c1a0b1a36aeca8e9fb5ac70,fp_scalar,pass,174669,65963,0.377646,b0efde5ed79308a1,4078dabba91c60f0,19,16772,67454,12339,407,0,65944,22,1,1,168,23,210,211,12340,52,2,2,65966,65964,12340,1,0,0
fullcache_d2_f1a,fullcache_d2,f1a,1,2,1,1,1,2,f0edcd2528c01520eb4e4922266a7913c5c7539b,lcvex-commit-digest-v2-active-payload,7af526c8bceda1a75a49a3966ddd2ea2d3a4250d0cb308eea370d8a37e10a164,e868b221ba0f6d069e08fd29e26aeed380346c54c140ceae23725d2cd4feb98f,fp_fp16,pass,181182,82013,0.452655,34d6e3bf9d8ba016,a8dddf1e0170212e,5,166,82664,8193,170,0,82007,9,0,1,77,10,92,93,8194,2,1,1,82016,82014,8194,1,0,0
fullcache_d2_f1a,fullcache_d2,f1a,1,2,1,1,1,2,f0edcd2528c01520eb4e4922266a7913c5c7539b,lcvex-commit-digest-v2-active-payload,50503906eac74f96b4f66ac6bd268a5b8ad213619ef3aaa24c24a59132f6eba3,6ebbd4c33bce14151a78f318bb2a352f496f9def93b6cdd417b91d057db1f7bf,neon_vect,pass,211028,66721,0.316171,5c1d4f0a0f31cfe7,3ba6dea5f6c76128,4116,52553,67842,10746,56715,0,66709,15,4181,10,183,24,4323,4316,10747,251,1,1,66724,66722,10747,1,0,0
fullcache_d2_f1a,fullcache_d2,f1a,1,2,1,1,1,2,f0edcd2528c01520eb4e4922266a7913c5c7539b,lcvex-commit-digest-v2-active-payload,fbac71a9245c9c9e8db76a55a9902403837768807c151238d9276d886231762a,a22f6ceaffd2b2c84c7bf85a875c5f1844b7d3d254818aea5fbb0d0f8b2362bc,kernel_crc,pass,135176,56697,0.419431,05d1f1a49f7166fe,4b7827dca661ce52,513,22678,57326,2567,20878,0,56689,9,4332,38,337,46,896,889,2567,7,2,2,56699,56698,2567,0,0,0
fullcache_d2_f1a,fullcache_d2,f1a,1,2,1,1,1,2,f0edcd2528c01520eb4e4922266a7913c5c7539b,lcvex-commit-digest-v2-active-payload,cb582ed68582f9a3b3e5ef1eb386e98e0557da56ab12dcac0b535085ed381375,e800011683cc5415427fbd451d41488be7051910b4abfb3c76c4082e59b42a58,kernel_hash,pass,52965,6521,0.123119,a15e1ee633376e4e,382ce89b02dbde6a,259,39052,6840,1301,6254,0,6518,4,1029,6,78,9,346,339,1301,21,2,2,6523,6522,1301,0,0,0
fullcache_d2_f1a,fullcache_d2,f1a,1,2,1,1,1,2,f0edcd2528c01520eb4e4922266a7913c5c7539b,lcvex-commit-digest-v2-active-payload,1606fdfe0ce13e2c536aba641c075539fd5f99e6f856f4c75905280ea41811f5,591f07d83da50b47ba57760f75e2fffe40c0dfd0c3821973c300b7c7ae03a8c4,kernel_matmul,pass,445413,66228,0.148689,ac56427433c7ab4b,e3eaeae9367bd84c,1027,309794,66717,8967,65061,0,66223,6,16849,49,392,55,1474,1475,8967,7,2,2,66230,66229,8967,0,0,0
fullcache_d2_f1a,fullcache_d2,f1a,1,2,1,1,1,2,f0edcd2528c01520eb4e4922266a7913c5c7539b,lcvex-commit-digest-v2-active-payload,e5b91adc9211d485cb0ab8e8961ec8d5af7a548874c124b767dd7f3b880d4e4d,184eb6e1d8ad80234110b30972e6f60cee240db23d210871690270b9d70518d5,kernel_sort,pass,279402,70932,0.253871,42cdde3e7dbc488f,d19864be4fb8646a,8575,103125,71267,8592,120015,0,70929,4,8569,5,70,9,8654,8655,8592,144,1,1,70934,70933,8592,0,0,0
