config,base_config,fifo,fetch_fifo_enable,fetch_fifo_depth,I_L1,D_L1,L2,MEM_DELAY_MODE,measurement_source_sha,source_sha256,image_sha256,name,status,cycles,retired_insn,ipc,commit_digest,memory_digest,committed_memory_effects,stall_if,fetch_wait,branch_flush,mem_stall,ptw_stall,il1_hit,il1_miss,dl1_hit,dl1_miss,l2_hit,l2_miss,arb_req,ram_req,fetch_epoch_bumps,fetch_epoch_final,fetch_fifo_occupancy_max,fetch_fifo_peak_signal_max,fetch_fifo_push,fetch_fifo_pop,fetch_fifo_flush,fetch_stale_drop,fetch_stale_drain_cycles,fetch_fifo_overflow
nocache_d0_f0,nocache_d0,f0,0,2,0,0,0,0,291018d9a63efe549be589d1127e424e1118ed8a,30d2ef74f7061346b6abbae656eff50e490f3f23317956547b02dceb18a9a8c4,fd70bfab998b564fd78b6dddd0e29ec3814f31409118868c50511cfb3cae6b4b,alu_latency,pass,2500171,750049,0.299999,e02f90ea8089a4f1,0dd7f555d8ef95bf,4,12,1500111,250011,16,0,0,0,0,0,0,0,750056,750056,0,0,0,0,0,0,0,0,0,0
nocache_d0_f0,nocache_d0,f0,0,2,0,0,0,0,291018d9a63efe549be589d1127e424e1118ed8a,eda9768bf4d4c615f998f64a4b5551cc12074733c4450170696939c1dd990ae6,0b5bcd16c774981a81fed5126ab94511a5e514a222b7bafb6c84cee39506bc03,alu_ilp,pass,2520238,800072,0.317459,e2460cb58f947f1e,fe4b1964ce21abdf,4,12,1600157,120009,16,0,0,0,0,0,0,0,800079,800079,0,0,0,0,0,0,0,0,0,0
nocache_d0_f0,nocache_d0,f0,0,2,0,0,0,0,291018d9a63efe549be589d1127e424e1118ed8a,49aee136dae56a032b50d74996320f7fdecc1ff9f9771b767e837edd28f25acb,e193e924e846b0102cf58740dace1021d476fb6cdf56c732ec6d4a00a4f42890,ctrl_branch,pass,2330280,690074,0.296134,7fb17010b1b19d67,0617c8083a02b214,13,40046,1420195,220011,60060,0,0,0,0,0,0,0,710098,710098,0,0,0,0,0,0,0,0,0,0
nocache_d0_f0,nocache_d0,f0,0,2,0,0,0,0,291018d9a63efe549be589d1127e424e1118ed8a,2311bb6dfe9927c22428dda0cb08e17744e951f1fe28f0c3794a4892125a3b80,8ffba56ab71aef16093baaabe809ae1077cf7dc87b1728cf7a306b405bcbee4f,muldiv,pass,848421,28131,0.033157,215bc87874367184,2f8508123d7fffb6,4,768012,812275,8015,16,0,0,0,0,0,0,0,28138,28138,0,0,0,0,0,0,0,0,0,0
nocache_d0_f0,nocache_d0,f0,0,2,0,0,0,0,291018d9a63efe549be589d1127e424e1118ed8a,01f52347582bb256f284835595eaed3b1710ab89ab2e2da33815a0e624fb2846,92c4cf43107a173345475b6ced3048356a6a1f56a4bacbe563e2a5eddf5b9527,mem_seq,pass,3042223,803657,0.264168,826084b57439f54a,6b40dea7a6ade5c3,114714,459132,2066442,172124,688309,0,0,0,0,0,0,0,1033095,1033095,0,0,0,0,0,0,0,0,0,0
nocache_d0_f0,nocache_d0,f0,0,2,0,0,0,0,291018d9a63efe549be589d1127e424e1118ed8a,609117c2d3de62613a26ba25f11834464414cba77f3165d652d358e81df4416e,587353343730b0048d3c5fb51f3427d0720bf16b47bcc867790019daf049739e,mem_random,pass,3907778,475192,0.121602,08c9181cf290ad35,4e707e98e0c89190,8197,2506770,3326083,106503,319513,0,0,0,0,0,0,0,581698,581698,0,0,0,0,0,0,0,0,0,0
nocache_d0_f0,nocache_d0,f0,0,2,0,0,0,0,291018d9a63efe549be589d1127e424e1118ed8a,5da6f813098f5fdcf3701f925da94de77821183910a3297492ba88c39d67ea73,7c5d126f2e5f91595151f55118733d0eb9dad8c852b20c4ea36b261f144e09f8,mem_ldst,pass,1120538,307280,0.274225,66a8fd217008610e,b536144c404de75f,34824,167966,774335,38923,219179,0,0,0,0,0,0,0,383072,383072,0,0,0,0,0,0,0,0,0,0
nocache_d0_f0,nocache_d0,f0,0,2,0,0,0,0,291018d9a63efe549be589d1127e424e1118ed8a,01d8124e7e69917227b2ac615c373583bcf2e00db89b10e905d78e2879052039,49fb782bb39c54c13ec9d34b1c028a749347fbc86c1a0b1a36aeca8e9fb5ac70,fp_scalar,pass,226593,65963,0.291108,78dbdb2d365390ea,4078dabba91c60f0,19,16427,148290,12339,63,0,0,0,0,0,0,0,65986,65986,0,0,0,0,0,0,0,0,0,0
nocache_d0_f0,nocache_d0,f0,0,2,0,0,0,0,291018d9a63efe549be589d1127e424e1118ed8a,040c8b016b18f4f713cd97239133d87fa4be608d80d5444428cba4cf855aa2f6,e868b221ba0f6d069e08fd29e26aeed380346c54c140ceae23725d2cd4feb98f,fp_fp16,pass,254247,82013,0.322572,f98c0d4c6cd709ec,a8dddf1e0170212e,5,13,164040,8193,18,0,0,0,0,0,0,0,82021,82021,0,0,0,0,0,0,0,0,0,0
nocache_d0_f0,nocache_d0,f0,0,2,0,0,0,0,291018d9a63efe549be589d1127e424e1118ed8a,217b415cfabe179b66643abc0fe9746fbbf7d033439e65ebabdcac74644c9974,6ebbd4c33bce14151a78f318bb2a352f496f9def93b6cdd417b91d057db1f7bf,neon_vect,pass,227526,66721,0.293246,3caef22144f0b28a,3ba6dea5f6c76128,4116,16615,150058,10746,20778,0,0,0,0,0,0,0,75030,75030,0,0,0,0,0,0,0,0,0,0
nocache_d0_f0,nocache_d0,f0,0,2,0,0,0,0,291018d9a63efe549be589d1127e424e1118ed8a,1155c2f835c3da22b2284657fe71ef9c53e1cb0993c51a14120844f4a65a28a7,a22f6ceaffd2b2c84c7bf85a875c5f1844b7d3d254818aea5fbb0d0f8b2362bc,kernel_crc,pass,184738,56697,0.306905,f3942e45589853c9,4b7827dca661ce52,513,14392,125474,2567,14649,0,0,0,0,0,0,0,61581,61581,0,0,0,0,0,0,0,0,0,0
nocache_d0_f0,nocache_d0,f0,0,2,0,0,0,0,291018d9a63efe549be589d1127e424e1118ed8a,59edebceba4a2d476b000095f622abceea02e0c59f935026e45dd1dc76ac7d54,e800011683cc5415427fbd451d41488be7051910b4abfb3c76c4082e59b42a58,kernel_hash,pass,55476,6521,0.117546,c6c0c405771e67ea,382ce89b02dbde6a,259,35644,47654,1301,3880,0,0,0,0,0,0,0,7816,7816,0,0,0,0,0,0,0,0,0,0
nocache_d0_f0,nocache_d0,f0,0,2,0,0,0,0,291018d9a63efe549be589d1127e424e1118ed8a,9a7360a0260aacd62d8721a93defe9b0042995d2230cb4063a2e37f2d3f69a7d,591f07d83da50b47ba57760f75e2fffe40c0dfd0c3821973c300b7c7ae03a8c4,kernel_matmul,pass,497454,66228,0.133134,ef7876e8c2a70833,e3eaeae9367bd84c,1027,297994,422259,8967,53773,0,0,0,0,0,0,0,84154,84154,0,0,0,0,0,0,0,0,0,0
nocache_d0_f0,nocache_d0,f0,0,2,0,0,0,0,291018d9a63efe549be589d1127e424e1118ed8a,8cb825c569d8000b5bc3a2883bd406bcc6d97d8e041ad887d06adc6336d8c6bd,184eb6e1d8ad80234110b30972e6f60cee240db23d210871690270b9d70518d5,kernel_sort,pass,255687,70932,0.277417,8710701d0b190bf3,d19864be4fb8646a,8575,34298,176163,8592,51445,0,0,0,0,0,0,0,88082,88082,0,0,0,0,0,0,0,0,0,0
nocache_d0_f1a,nocache_d0,f1a,1,2,0,0,0,0,291018d9a63efe549be589d1127e424e1118ed8a,30d2ef74f7061346b6abbae656eff50e490f3f23317956547b02dceb18a9a8c4,fd70bfab998b564fd78b6dddd0e29ec3814f31409118868c50511cfb3cae6b4b,alu_latency,pass,2000136,750049,0.374999,e02f90ea8089a4f1,0dd7f555d8ef95bf,4,17,1000059,250011,20,0,0,0,0,0,0,0,1000065,1000065,250011,155,1,1,750052,750050,250011,250007,0,0
nocache_d0_f1a,nocache_d0,f1a,1,2,0,0,0,0,291018d9a63efe549be589d1127e424e1118ed8a,eda9768bf4d4c615f998f64a4b5551cc12074733c4450170696939c1dd990ae6,0b5bcd16c774981a81fed5126ab94511a5e514a222b7bafb6c84cee39506bc03,alu_ilp,pass,1840178,800072,0.43478,e2460cb58f947f1e,fe4b1964ce21abdf,4,17,920080,120009,20,0,0,0,0,0,0,0,920086,920086,120009,201,1,1,800075,800073,120009,120005,0,0
nocache_d0_f1a,nocache_d0,f1a,1,2,0,0,0,0,291018d9a63efe549be589d1127e424e1118ed8a,49aee136dae56a032b50d74996320f7fdecc1ff9f9771b767e837edd28f25acb,e193e924e846b0102cf58740dace1021d476fb6cdf56c732ec6d4a00a4f42890,ctrl_branch,pass,1860231,690074,0.370961,7fb17010b1b19d67,0617c8083a02b214,13,60064,890083,220011,80072,0,0,0,0,0,0,0,910106,910106,220011,107,1,1,690079,690075,220011,200004,0,0
nocache_d0_f1a,nocache_d0,f1a,1,2,0,0,0,0,291018d9a63efe549be589d1127e424e1118ed8a,2311bb6dfe9927c22428dda0cb08e17744e951f1fe28f0c3794a4892125a3b80,8ffba56ab71aef16093baaabe809ae1077cf7dc87b1728cf7a306b405bcbee4f,muldiv,pass,828296,28131,0.033962,215bc87874367184,2f8508123d7fffb6,4,768017,40141,8015,20,0,0,0,0,0,0,0,40147,40147,8015,79,2,2,36126,28132,8015,4015,0,0
nocache_d0_f1a,nocache_d0,f1a,1,2,0,0,0,0,291018d9a63efe549be589d1127e424e1118ed8a,01f52347582bb256f284835595eaed3b1710ab89ab2e2da33815a0e624fb2846,92c4cf43107a173345475b6ced3048356a6a1f56a4bacbe563e2a5eddf5b9527,mem_seq,pass,2582793,803657,0.311158,826084b57439f54a,6b40dea7a6ade5c3,114714,745926,918459,172124,860395,0,0,0,0,0,0,0,1147896,1147896,172124,92,2,2,803681,803658,172124,114778,0,0
nocache_d0_f1a,nocache_d0,f1a,1,2,0,0,0,0,291018d9a63efe549be589d1127e424e1118ed8a,609117c2d3de62613a26ba25f11834464414cba77f3165d652d358e81df4416e,587353343730b0048d3c5fb51f3427d0720bf16b47bcc867790019daf049739e,mem_random,pass,3604631,475192,0.131828,08c9181cf290ad35,4e707e98e0c89190,8197,2613273,573505,106503,426015,0,0,0,0,0,0,0,680010,680010,106503,7,2,2,573497,475193,106503,8,0,0
nocache_d0_f1a,nocache_d0,f1a,1,2,0,0,0,0,291018d9a63efe549be589d1127e424e1118ed8a,5da6f813098f5fdcf3701f925da94de77821183910a3297492ba88c39d67ea73,7c5d126f2e5f91595151f55118733d0eb9dad8c852b20c4ea36b261f144e09f8,mem_ldst,pass,903395,307280,0.340139,66a8fd217008610e,b536144c404de75f,34824,256047,338013,38923,286776,0,0,0,0,0,0,0,413804,413804,38923,11,2,2,307287,307281,38923,30726,0,0
nocache_d0_f1a,nocache_d0,f1a,1,2,0,0,0,0,291018d9a63efe549be589d1127e424e1118ed8a,01d8124e7e69917227b2ac615c373583bcf2e00db89b10e905d78e2879052039,49fb782bb39c54c13ec9d34b1c028a749347fbc86c1a0b1a36aeca8e9fb5ac70,fp_scalar,pass,172989,65963,0.381313,78dbdb2d365390ea,4078dabba91c60f0,19,16448,78305,12339,83,0,0,0,0,0,0,0,78326,78326,12340,52,2,2,66028,65964,12340,12277,0,0
nocache_d0_f1a,nocache_d0,f1a,1,2,0,0,0,0,291018d9a63efe549be589d1127e424e1118ed8a,040c8b016b18f4f713cd97239133d87fa4be608d80d5444428cba4cf855aa2f6,e868b221ba0f6d069e08fd29e26aeed380346c54c140ceae23725d2cd4feb98f,fp_fp16,pass,180434,82013,0.454532,f98c0d4c6cd709ec,a8dddf1e0170212e,5,19,90208,8193,23,0,0,0,0,0,0,0,90214,90214,8194,2,1,1,82016,82014,8194,8192,0,0
nocache_d0_f1a,nocache_d0,f1a,1,2,0,0,0,0,291018d9a63efe549be589d1127e424e1118ed8a,217b415cfabe179b66643abc0fe9746fbbf7d033439e65ebabdcac74644c9974,6ebbd4c33bce14151a78f318bb2a352f496f9def93b6cdd417b91d057db1f7bf,neon_vect,pass,175716,66721,0.379709,3ec03fbc5b7681d0,3ba6dea5f6c76128,4116,18170,77469,10746,22332,0,0,0,0,0,0,0,85776,85776,10747,251,1,1,66724,66722,10747,10745,0,0
nocache_d0_f1a,nocache_d0,f1a,1,2,0,0,0,0,291018d9a63efe549be589d1127e424e1118ed8a,1155c2f835c3da22b2284657fe71ef9c53e1cb0993c51a14120844f4a65a28a7,a22f6ceaffd2b2c84c7bf85a875c5f1844b7d3d254818aea5fbb0d0f8b2362bc,kernel_crc,pass,133178,56697,0.425723,f3942e45589853c9,4b7827dca661ce52,513,21332,59265,2567,19532,0,0,0,0,0,0,0,64148,64148,2567,7,2,2,56699,56698,2567,2566,0,0
nocache_d0_f1a,nocache_d0,f1a,1,2,0,0,0,0,291018d9a63efe549be589d1127e424e1118ed8a,59edebceba4a2d476b000095f622abceea02e0c59f935026e45dd1dc76ac7d54,e800011683cc5415427fbd451d41488be7051910b4abfb3c76c4082e59b42a58,kernel_hash,pass,51544,6521,0.126513,c6c0c405771e67ea,382ce89b02dbde6a,259,37970,7823,1301,5172,0,0,0,0,0,0,0,9117,9117,1301,21,2,2,7552,6522,1301,271,0,0
nocache_d0_f1a,nocache_d0,f1a,1,2,0,0,0,0,291018d9a63efe549be589d1127e424e1118ed8a,9a7360a0260aacd62d8721a93defe9b0042995d2230cb4063a2e37f2d3f69a7d,591f07d83da50b47ba57760f75e2fffe40c0dfd0c3821973c300b7c7ae03a8c4,kernel_matmul,pass,448931,66228,0.147524,ef7876e8c2a70833,e3eaeae9367bd84c,1027,316429,74715,8967,71696,0,0,0,0,0,0,0,92640,92640,8967,7,2,2,73910,66229,8967,805,0,0
nocache_d0_f1a,nocache_d0,f1a,1,2,0,0,0,0,291018d9a63efe549be589d1127e424e1118ed8a,8cb825c569d8000b5bc3a2883bd406bcc6d97d8e041ad887d06adc6336d8c6bd,184eb6e1d8ad80234110b30972e6f60cee240db23d210871690270b9d70518d5,kernel_sort,pass,210243,70932,0.337381,8710701d0b190bf3,d19864be4fb8646a,8575,51450,79273,8592,68340,0,0,0,0,0,0,0,96422,96422,8592,144,1,1,70935,70933,8592,8338,0,0
l1i_d0_f0,l1i_d0,f0,0,2,1,0,0,0,291018d9a63efe549be589d1127e424e1118ed8a,30d2ef74f7061346b6abbae656eff50e490f3f23317956547b02dceb18a9a8c4,fd70bfab998b564fd78b6dddd0e29ec3814f31409118868c50511cfb3cae6b4b,alu_latency,pass,2500267,750049,0.299988,e02f90ea8089a4f1,0dd7f555d8ef95bf,4,12,1500207,250011,16,0,750045,5,0,0,0,0,53,53,0,0,0,0,0,0,0,0,0,0
l1i_d0_f0,l1i_d0,f0,0,2,1,0,0,0,291018d9a63efe549be589d1127e424e1118ed8a,eda9768bf4d4c615f998f64a4b5551cc12074733c4450170696939c1dd990ae6,0b5bcd16c774981a81fed5126ab94511a5e514a222b7bafb6c84cee39506bc03,alu_ilp,pass,2520350,800072,0.317445,e2460cb58f947f1e,fe4b1964ce21abdf,4,12,1600269,120009,16,0,800067,6,0,0,0,0,61,61,0,0,0,0,0,0,0,0,0,0
l1i_d0_f0,l1i_d0,f0,0,2,1,0,0,0,291018d9a63efe549be589d1127e424e1118ed8a,49aee136dae56a032b50d74996320f7fdecc1ff9f9771b767e837edd28f25acb,e193e924e846b0102cf58740dace1021d476fb6cdf56c732ec6d4a00a4f42890,ctrl_branch,pass,2330408,690074,0.296117,7fb17010b1b19d67,0617c8083a02b214,13,40046,1420323,220011,60060,0,690068,7,0,0,0,0,20086,20086,0,0,0,0,0,0,0,0,0,0
l1i_d0_f0,l1i_d0,f0,0,2,1,0,0,0,291018d9a63efe549be589d1127e424e1118ed8a,2311bb6dfe9927c22428dda0cb08e17744e951f1fe28f0c3794a4892125a3b80,8ffba56ab71aef16093baaabe809ae1077cf7dc87b1728cf7a306b405bcbee4f,muldiv,pass,848613,28131,0.033149,215bc87874367184,2f8508123d7fffb6,4,768012,812467,8015,16,0,28121,11,0,0,0,0,101,101,0,0,0,0,0,0,0,0,0,0
l1i_d0_f0,l1i_d0,f0,0,2,1,0,0,0,291018d9a63efe549be589d1127e424e1118ed8a,01f52347582bb256f284835595eaed3b1710ab89ab2e2da33815a0e624fb2846,92c4cf43107a173345475b6ced3048356a6a1f56a4bacbe563e2a5eddf5b9527,mem_seq,pass,3042335,803657,0.264158,826084b57439f54a,6b40dea7a6ade5c3,114714,459132,2066554,172124,688309,0,803652,6,0,0,0,0,229492,229492,0,0,0,0,0,0,0,0,0,0
l1i_d0_f0,l1i_d0,f0,0,2,1,0,0,0,291018d9a63efe549be589d1127e424e1118ed8a,609117c2d3de62613a26ba25f11834464414cba77f3165d652d358e81df4416e,587353343730b0048d3c5fb51f3427d0720bf16b47bcc867790019daf049739e,mem_random,pass,3907890,475192,0.121598,08c9181cf290ad35,4e707e98e0c89190,8197,2506771,3326195,106503,319514,0,475187,6,0,0,0,0,106560,106560,0,0,0,0,0,0,0,0,0,0
l1i_d0_f0,l1i_d0,f0,0,2,1,0,0,0,291018d9a63efe549be589d1127e424e1118ed8a,5da6f813098f5fdcf3701f925da94de77821183910a3297492ba88c39d67ea73,7c5d126f2e5f91595151f55118733d0eb9dad8c852b20c4ea36b261f144e09f8,mem_ldst,pass,1120682,307280,0.27419,66a8fd217008610e,b536144c404de75f,34824,167966,774479,38923,219179,0,307273,8,0,0,0,0,75862,75862,0,0,0,0,0,0,0,0,0,0
l1i_d0_f0,l1i_d0,f0,0,2,1,0,0,0,291018d9a63efe549be589d1127e424e1118ed8a,01d8124e7e69917227b2ac615c373583bcf2e00db89b10e905d78e2879052039,49fb782bb39c54c13ec9d34b1c028a749347fbc86c1a0b1a36aeca8e9fb5ac70,fp_scalar,pass,226961,65963,0.290636,78dbdb2d365390ea,4078dabba91c60f0,19,16429,148658,12339,65,0,65943,22,0,0,0,0,204,204,0,0,0,0,0,0,0,0,0,0
l1i_d0_f0,l1i_d0,f0,0,2,1,0,0,0,291018d9a63efe549be589d1127e424e1118ed8a,040c8b016b18f4f713cd97239133d87fa4be608d80d5444428cba4cf855aa2f6,e868b221ba0f6d069e08fd29e26aeed380346c54c140ceae23725d2cd4feb98f,fp_fp16,pass,254407,82013,0.322369,f98c0d4c6cd709ec,a8dddf1e0170212e,5,13,164200,8193,18,0,82006,9,0,0,0,0,85,85,0,0,0,0,0,0,0,0,0,0
l1i_d0_f0,l1i_d0,f0,0,2,1,0,0,0,291018d9a63efe549be589d1127e424e1118ed8a,217b415cfabe179b66643abc0fe9746fbbf7d033439e65ebabdcac74644c9974,6ebbd4c33bce14151a78f318bb2a352f496f9def93b6cdd417b91d057db1f7bf,neon_vect,pass,227782,66721,0.292916,3caef22144f0b28a,3ba6dea5f6c76128,4116,16621,150314,10746,20784,0,66708,15,0,0,0,0,8434,8434,0,0,0,0,0,0,0,0,0,0
l1i_d0_f0,l1i_d0,f0,0,2,1,0,0,0,291018d9a63efe549be589d1127e424e1118ed8a,1155c2f835c3da22b2284657fe71ef9c53e1cb0993c51a14120844f4a65a28a7,a22f6ceaffd2b2c84c7bf85a875c5f1844b7d3d254818aea5fbb0d0f8b2362bc,kernel_crc,pass,184898,56697,0.306639,f3942e45589853c9,4b7827dca661ce52,513,14392,125634,2567,14649,0,56689,9,0,0,0,0,4962,4962,0,0,0,0,0,0,0,0,0,0
l1i_d0_f0,l1i_d0,f0,0,2,1,0,0,0,291018d9a63efe549be589d1127e424e1118ed8a,59edebceba4a2d476b000095f622abceea02e0c59f935026e45dd1dc76ac7d54,e800011683cc5415427fbd451d41488be7051910b4abfb3c76c4082e59b42a58,kernel_hash,pass,55556,6521,0.117377,c6c0c405771e67ea,382ce89b02dbde6a,259,35644,47734,1301,3880,0,6518,4,0,0,0,0,1333,1333,0,0,0,0,0,0,0,0,0,0
l1i_d0_f0,l1i_d0,f0,0,2,1,0,0,0,291018d9a63efe549be589d1127e424e1118ed8a,9a7360a0260aacd62d8721a93defe9b0042995d2230cb4063a2e37f2d3f69a7d,591f07d83da50b47ba57760f75e2fffe40c0dfd0c3821973c300b7c7ae03a8c4,kernel_matmul,pass,497566,66228,0.133104,ef7876e8c2a70833,e3eaeae9367bd84c,1027,297994,422371,8967,53773,0,66223,6,0,0,0,0,17980,17980,0,0,0,0,0,0,0,0,0,0
l1i_d0_f0,l1i_d0,f0,0,2,1,0,0,0,291018d9a63efe549be589d1127e424e1118ed8a,8cb825c569d8000b5bc3a2883bd406bcc6d97d8e041ad887d06adc6336d8c6bd,184eb6e1d8ad80234110b30972e6f60cee240db23d210871690270b9d70518d5,kernel_sort,pass,255767,70932,0.277331,8710701d0b190bf3,d19864be4fb8646a,8575,34298,176243,8592,51445,0,70929,4,0,0,0,0,17188,17188,0,0,0,0,0,0,0,0,0,0
l1i_d0_f1a,l1i_d0,f1a,1,2,1,0,0,0,291018d9a63efe549be589d1127e424e1118ed8a,30d2ef74f7061346b6abbae656eff50e490f3f23317956547b02dceb18a9a8c4,fd70bfab998b564fd78b6dddd0e29ec3814f31409118868c50511cfb3cae6b4b,alu_latency,pass,2000228,750049,0.374982,e02f90ea8089a4f1,0dd7f555d8ef95bf,4,13,1000155,250011,16,0,1000054,5,0,0,0,0,53,53,250011,155,1,1,750053,750050,250011,250007,0,0
l1i_d0_f1a,l1i_d0,f1a,1,2,1,0,0,0,291018d9a63efe549be589d1127e424e1118ed8a,eda9768bf4d4c615f998f64a4b5551cc12074733c4450170696939c1dd990ae6,0b5bcd16c774981a81fed5126ab94511a5e514a222b7bafb6c84cee39506bc03,alu_ilp,pass,1840302,800072,0.43475,e2460cb58f947f1e,fe4b1964ce21abdf,4,29,920208,120009,16,0,920073,7,0,0,0,0,69,69,120009,201,1,1,800076,800073,120009,120005,16,0
l1i_d0_f1a,l1i_d0,f1a,1,2,1,0,0,0,291018d9a63efe549be589d1127e424e1118ed8a,49aee136dae56a032b50d74996320f7fdecc1ff9f9771b767e837edd28f25acb,e193e924e846b0102cf58740dace1021d476fb6cdf56c732ec6d4a00a4f42890,ctrl_branch,pass,1840347,690074,0.37497,7fb17010b1b19d67,0617c8083a02b214,13,40052,890211,220011,60060,0,890076,7,0,0,0,0,20086,20086,220011,107,1,1,690080,690075,220011,200004,0,0
l1i_d0_f1a,l1i_d0,f1a,1,2,1,0,0,0,291018d9a63efe549be589d1127e424e1118ed8a,2311bb6dfe9927c22428dda0cb08e17744e951f1fe28f0c3794a4892125a3b80,8ffba56ab71aef16093baaabe809ae1077cf7dc87b1728cf7a306b405bcbee4f,muldiv,pass,828484,28131,0.033955,215bc87874367184,2f8508123d7fffb6,4,768013,40333,8015,16,0,40130,11,0,0,0,0,101,101,8015,79,2,2,36127,28132,8015,4015,0,0
l1i_d0_f1a,l1i_d0,f1a,1,2,1,0,0,0,291018d9a63efe549be589d1127e424e1118ed8a,01f52347582bb256f284835595eaed3b1710ab89ab2e2da33815a0e624fb2846,92c4cf43107a173345475b6ced3048356a6a1f56a4bacbe563e2a5eddf5b9527,mem_seq,pass,2410819,803657,0.333354,826084b57439f54a,6b40dea7a6ade5c3,114714,573840,918573,172124,688309,0,918453,6,0,0,0,0,229492,229492,172124,92,2,2,803682,803658,172124,114778,0,0
l1i_d0_f1a,l1i_d0,f1a,1,2,1,0,0,0,291018d9a63efe549be589d1127e424e1118ed8a,609117c2d3de62613a26ba25f11834464414cba77f3165d652d358e81df4416e,587353343730b0048d3c5fb51f3427d0720bf16b47bcc867790019daf049739e,mem_random,pass,3498240,475192,0.135837,08c9181cf290ad35,4e707e98e0c89190,8197,2506772,573619,106503,319514,0,573499,6,0,0,0,0,106560,106560,106503,7,2,2,573498,475193,106503,8,0,0
l1i_d0_f1a,l1i_d0,f1a,1,2,1,0,0,0,291018d9a63efe549be589d1127e424e1118ed8a,5da6f813098f5fdcf3701f925da94de77821183910a3297492ba88c39d67ea73,7c5d126f2e5f91595151f55118733d0eb9dad8c852b20c4ea36b261f144e09f8,mem_ldst,pass,835942,307280,0.367585,66a8fd217008610e,b536144c404de75f,34824,188466,338157,38923,219179,0,338005,8,0,0,0,0,75862,75862,38923,11,2,2,307288,307281,38923,30726,16,0
l1i_d0_f1a,l1i_d0,f1a,1,2,1,0,0,0,291018d9a63efe549be589d1127e424e1118ed8a,01d8124e7e69917227b2ac615c373583bcf2e00db89b10e905d78e2879052039,49fb782bb39c54c13ec9d34b1c028a749347fbc86c1a0b1a36aeca8e9fb5ac70,fp_scalar,pass,173337,65963,0.380548,78dbdb2d365390ea,4078dabba91c60f0,19,16428,78679,12339,63,0,78283,22,0,0,0,0,204,204,12340,52,2,2,66029,65964,12340,12277,0,0
l1i_d0_f1a,l1i_d0,f1a,1,2,1,0,0,0,291018d9a63efe549be589d1127e424e1118ed8a,040c8b016b18f4f713cd97239133d87fa4be608d80d5444428cba4cf855aa2f6,e868b221ba0f6d069e08fd29e26aeed380346c54c140ceae23725d2cd4feb98f,fp_fp16,pass,180589,82013,0.454142,f98c0d4c6cd709ec,a8dddf1e0170212e,5,14,90370,8193,18,0,90199,9,0,0,0,0,85,85,8194,2,1,1,82017,82014,8194,8192,0,0
l1i_d0_f1a,l1i_d0,f1a,1,2,1,0,0,0,291018d9a63efe549be589d1127e424e1118ed8a,217b415cfabe179b66643abc0fe9746fbbf7d033439e65ebabdcac74644c9974,6ebbd4c33bce14151a78f318bb2a352f496f9def93b6cdd417b91d057db1f7bf,neon_vect,pass,174399,66721,0.382577,3ec03fbc5b7681d0,3ba6dea5f6c76128,4116,16653,77747,10746,20783,0,77454,15,0,0,0,0,8434,8434,10747,251,1,1,66725,66722,10747,10745,32,0
l1i_d0_f1a,l1i_d0,f1a,1,2,1,0,0,0,291018d9a63efe549be589d1127e424e1118ed8a,1155c2f835c3da22b2284657fe71ef9c53e1cb0993c51a14120844f4a65a28a7,a22f6ceaffd2b2c84c7bf85a875c5f1844b7d3d254818aea5fbb0d0f8b2362bc,kernel_crc,pass,128455,56697,0.441376,f3942e45589853c9,4b7827dca661ce52,513,16465,59425,2567,14649,0,59256,9,0,0,0,0,4962,4962,2567,7,2,2,56700,56698,2567,2566,16,0
l1i_d0_f1a,l1i_d0,f1a,1,2,1,0,0,0,291018d9a63efe549be589d1127e424e1118ed8a,59edebceba4a2d476b000095f622abceea02e0c59f935026e45dd1dc76ac7d54,e800011683cc5415427fbd451d41488be7051910b4abfb3c76c4082e59b42a58,kernel_hash,pass,50332,6521,0.12956,c6c0c405771e67ea,382ce89b02dbde6a,259,36678,7903,1301,3880,0,7819,4,0,0,0,0,1333,1333,1301,21,2,2,7553,6522,1301,271,0,0
l1i_d0_f1a,l1i_d0,f1a,1,2,1,0,0,0,291018d9a63efe549be589d1127e424e1118ed8a,9a7360a0260aacd62d8721a93defe9b0042995d2230cb4063a2e37f2d3f69a7d,591f07d83da50b47ba57760f75e2fffe40c0dfd0c3821973c300b7c7ae03a8c4,kernel_matmul,pass,431120,66228,0.153618,ef7876e8c2a70833,e3eaeae9367bd84c,1027,298506,74831,8967,53773,0,74709,6,0,0,0,0,17980,17980,8967,7,2,2,73911,66229,8967,805,0,0
l1i_d0_f1a,l1i_d0,f1a,1,2,1,0,0,0,291018d9a63efe549be589d1127e424e1118ed8a,8cb825c569d8000b5bc3a2883bd406bcc6d97d8e041ad887d06adc6336d8c6bd,184eb6e1d8ad80234110b30972e6f60cee240db23d210871690270b9d70518d5,kernel_sort,pass,193428,70932,0.36671,8710701d0b190bf3,d19864be4fb8646a,8575,34555,79353,8592,51445,0,79269,4,0,0,0,0,17188,17188,8592,144,1,1,70936,70933,8592,8338,0,0
l1id_l2_d0_f0,l1id_l2_d0,f0,0,2,1,1,1,0,291018d9a63efe549be589d1127e424e1118ed8a,30d2ef74f7061346b6abbae656eff50e490f3f23317956547b02dceb18a9a8c4,fd70bfab998b564fd78b6dddd0e29ec3814f31409118868c50511cfb3cae6b4b,alu_latency,pass,2500411,750049,0.29997,e02f90ea8089a4f1,0dd7f555d8ef95bf,4,60,1500351,250011,64,0,750045,5,1,1,49,6,59,60,0,0,0,0,0,0,0,0,0,0
l1id_l2_d0_f0,l1id_l2_d0,f0,0,2,1,1,1,0,291018d9a63efe549be589d1127e424e1118ed8a,eda9768bf4d4c615f998f64a4b5551cc12074733c4450170696939c1dd990ae6,0b5bcd16c774981a81fed5126ab94511a5e514a222b7bafb6c84cee39506bc03,alu_ilp,pass,2520510,800072,0.317425,e2460cb58f947f1e,fe4b1964ce21abdf,4,60,1600429,120009,64,0,800067,6,1,1,56,7,67,68,0,0,0,0,0,0,0,0,0,0
l1id_l2_d0_f0,l1id_l2_d0,f0,0,2,1,1,1,0,291018d9a63efe549be589d1127e424e1118ed8a,49aee136dae56a032b50d74996320f7fdecc1ff9f9771b767e837edd28f25acb,e193e924e846b0102cf58740dace1021d476fb6cdf56c732ec6d4a00a4f42890,ctrl_branch,pass,2330652,690074,0.296086,7fb17010b1b19d67,0617c8083a02b214,13,40162,1420567,220011,60176,0,690068,7,20008,2,70,9,92,93,0,0,0,0,0,0,0,0,0,0
l1id_l2_d0_f0,l1id_l2_d0,f0,0,2,1,1,1,0,291018d9a63efe549be589d1127e424e1118ed8a,2311bb6dfe9927c22428dda0cb08e17744e951f1fe28f0c3794a4892125a3b80,8ffba56ab71aef16093baaabe809ae1077cf7dc87b1728cf7a306b405bcbee4f,muldiv,pass,848853,28131,0.03314,215bc87874367184,2f8508123d7fffb6,4,768060,812707,8015,64,0,28121,11,1,1,91,12,107,108,0,0,0,0,0,0,0,0,0,0
l1id_l2_d0_f0,l1id_l2_d0,f0,0,2,1,1,1,0,291018d9a63efe549be589d1127e424e1118ed8a,01f52347582bb256f284835595eaed3b1710ab89ab2e2da33815a0e624fb2846,92c4cf43107a173345475b6ced3048356a6a1f56a4bacbe563e2a5eddf5b9527,mem_seq,pass,3862695,803657,0.208056,826084b57439f54a,6b40dea7a6ade5c3,114714,1279380,2886914,172124,1508557,0,803652,6,102386,12337,88495,10256,213465,196770,0,0,0,0,0,0,0,0,0,0
l1id_l2_d0_f0,l1id_l2_d0,f0,0,2,1,1,1,0,291018d9a63efe549be589d1127e424e1118ed8a,609117c2d3de62613a26ba25f11834464414cba77f3165d652d358e81df4416e,587353343730b0048d3c5fb51f3427d0720bf16b47bcc867790019daf049739e,mem_random,timeout,5000000,398516,0.079703,18174ac5155862e9,c109a4332b568b5b,8195,3817876,4505935,95548,2342495,0,398512,5,5036,82317,614453,44130,666778,361243,0,0,0,0,0,0,0,0,0,0
l1id_l2_d0_f0,l1id_l2_d0,f0,0,2,1,1,1,0,291018d9a63efe549be589d1127e424e1118ed8a,5da6f813098f5fdcf3701f925da94de77821183910a3297492ba88c39d67ea73,7c5d126f2e5f91595151f55118733d0eb9dad8c852b20c4ea36b261f144e09f8,mem_ldst,pass,1329866,307280,0.231061,66a8fd217008610e,b536144c404de75f,34824,377006,983663,38923,428219,0,307273,8,36866,4101,32613,266,67703,36960,0,0,0,0,0,0,0,0,0,0
l1id_l2_d0_f0,l1id_l2_d0,f0,0,2,1,1,1,0,291018d9a63efe549be589d1127e424e1118ed8a,01d8124e7e69917227b2ac615c373583bcf2e00db89b10e905d78e2879052039,49fb782bb39c54c13ec9d34b1c028a749347fbc86c1a0b1a36aeca8e9fb5ac70,fp_scalar,pass,227433,65963,0.290033,78dbdb2d365390ea,4078dabba91c60f0,19,16567,149130,12339,203,0,65943,22,1,1,168,23,210,211,0,0,0,0,0,0,0,0,0,0
l1id_l2_d0_f0,l1id_l2_d0,f0,0,2,1,1,1,0,291018d9a63efe549be589d1127e424e1118ed8a,040c8b016b18f4f713cd97239133d87fa4be608d80d5444428cba4cf855aa2f6,e868b221ba0f6d069e08fd29e26aeed380346c54c140ceae23725d2cd4feb98f,fp_fp16,pass,254619,82013,0.322101,f98c0d4c6cd709ec,a8dddf1e0170212e,5,65,164412,8193,70,0,82006,9,0,1,77,10,92,93,0,0,0,0,0,0,0,0,0,0
l1id_l2_d0_f0,l1id_l2_d0,f0,0,2,1,1,1,0,291018d9a63efe549be589d1127e424e1118ed8a,217b415cfabe179b66643abc0fe9746fbbf7d033439e65ebabdcac74644c9974,6ebbd4c33bce14151a78f318bb2a352f496f9def93b6cdd417b91d057db1f7bf,neon_vect,pass,244784,66721,0.272571,3caef22144f0b28a,3ba6dea5f6c76128,4116,33415,167316,10746,37578,0,66708,15,4181,10,183,24,4323,4316,0,0,0,0,0,0,0,0,0,0
l1id_l2_d0_f0,l1id_l2_d0,f0,0,2,1,1,1,0,291018d9a63efe549be589d1127e424e1118ed8a,1155c2f835c3da22b2284657fe71ef9c53e1cb0993c51a14120844f4a65a28a7,a22f6ceaffd2b2c84c7bf85a875c5f1844b7d3d254818aea5fbb0d0f8b2362bc,kernel_crc,pass,188310,56697,0.301083,f3942e45589853c9,4b7827dca661ce52,513,17644,129046,2567,17901,0,56689,9,4332,38,337,46,896,889,0,0,0,0,0,0,0,0,0,0
l1id_l2_d0_f0,l1id_l2_d0,f0,0,2,1,1,1,0,291018d9a63efe549be589d1127e424e1118ed8a,59edebceba4a2d476b000095f622abceea02e0c59f935026e45dd1dc76ac7d54,e800011683cc5415427fbd451d41488be7051910b4abfb3c76c4082e59b42a58,kernel_hash,pass,56848,6521,0.114709,c6c0c405771e67ea,382ce89b02dbde6a,259,36856,49026,1301,5092,0,6518,4,1029,6,78,9,346,339,0,0,0,0,0,0,0,0,0,0
l1id_l2_d0_f0,l1id_l2_d0,f0,0,2,1,1,1,0,291018d9a63efe549be589d1127e424e1118ed8a,9a7360a0260aacd62d8721a93defe9b0042995d2230cb4063a2e37f2d3f69a7d,591f07d83da50b47ba57760f75e2fffe40c0dfd0c3821973c300b7c7ae03a8c4,kernel_matmul,pass,503354,66228,0.131573,ef7876e8c2a70833,e3eaeae9367bd84c,1027,303670,428159,8967,59449,0,66223,6,16849,49,392,55,1474,1475,0,0,0,0,0,0,0,0,0,0
l1id_l2_d0_f0,l1id_l2_d0,f0,0,2,1,1,1,0,291018d9a63efe549be589d1127e424e1118ed8a,8cb825c569d8000b5bc3a2883bd406bcc6d97d8e041ad887d06adc6336d8c6bd,184eb6e1d8ad80234110b30972e6f60cee240db23d210871690270b9d70518d5,kernel_sort,pass,290307,70932,0.244334,8710701d0b190bf3,d19864be4fb8646a,8575,68758,210783,8592,85905,0,70929,4,8569,5,70,9,8654,8655,0,0,0,0,0,0,0,0,0,0
l1id_l2_d0_f1a,l1id_l2_d0,f1a,1,2,1,1,1,0,291018d9a63efe549be589d1127e424e1118ed8a,30d2ef74f7061346b6abbae656eff50e490f3f23317956547b02dceb18a9a8c4,fd70bfab998b564fd78b6dddd0e29ec3814f31409118868c50511cfb3cae6b4b,alu_latency,pass,2000372,750049,0.374955,e02f90ea8089a4f1,0dd7f555d8ef95bf,4,61,1000251,250011,64,0,1000054,5,1,1,49,6,59,60,250011,155,1,1,750053,750050,250011,250007,0,0
l1id_l2_d0_f1a,l1id_l2_d0,f1a,1,2,1,1,1,0,291018d9a63efe549be589d1127e424e1118ed8a,eda9768bf4d4c615f998f64a4b5551cc12074733c4450170696939c1dd990ae6,0b5bcd16c774981a81fed5126ab94511a5e514a222b7bafb6c84cee39506bc03,alu_ilp,pass,1840478,800072,0.434709,e2460cb58f947f1e,fe4b1964ce21abdf,4,93,920336,120009,64,0,920073,7,1,1,63,8,75,76,120009,201,1,1,800076,800073,120009,120005,32,0
l1id_l2_d0_f1a,l1id_l2_d0,f1a,1,2,1,1,1,0,291018d9a63efe549be589d1127e424e1118ed8a,49aee136dae56a032b50d74996320f7fdecc1ff9f9771b767e837edd28f25acb,e193e924e846b0102cf58740dace1021d476fb6cdf56c732ec6d4a00a4f42890,ctrl_branch,pass,1840591,690074,0.37492,7fb17010b1b19d67,0617c8083a02b214,13,40168,890339,220011,60176,0,890076,7,20008,2,70,9,92,93,220011,107,1,1,690080,690075,220011,200004,0,0
l1id_l2_d0_f1a,l1id_l2_d0,f1a,1,2,1,1,1,0,291018d9a63efe549be589d1127e424e1118ed8a,2311bb6dfe9927c22428dda0cb08e17744e951f1fe28f0c3794a4892125a3b80,8ffba56ab71aef16093baaabe809ae1077cf7dc87b1728cf7a306b405bcbee4f,muldiv,pass,828724,28131,0.033945,215bc87874367184,2f8508123d7fffb6,4,768061,40525,8015,64,0,40130,11,1,1,91,12,107,108,8015,79,2,2,36127,28132,8015,4015,0,0
l1id_l2_d0_f1a,l1id_l2_d0,f1a,1,2,1,1,1,0,291018d9a63efe549be589d1127e424e1118ed8a,01f52347582bb256f284835595eaed3b1710ab89ab2e2da33815a0e624fb2846,92c4cf43107a173345475b6ced3048356a6a1f56a4bacbe563e2a5eddf5b9527,mem_seq,pass,3231177,803657,0.24872,826084b57439f54a,6b40dea7a6ade5c3,114714,1394105,918715,172124,1508574,0,918453,6,102386,12337,88495,10256,213465,196770,172124,92,2,2,803682,803658,172124,114778,0,0
l1id_l2_d0_f1a,l1id_l2_d0,f1a,1,2,1,1,1,0,291018d9a63efe549be589d1127e424e1118ed8a,609117c2d3de62613a26ba25f11834464414cba77f3165d652d358e81df4416e,587353343730b0048d3c5fb51f3427d0720bf16b47bcc867790019daf049739e,mem_random,timeout,5000000,420876,0.084175,fe72e94fa7ae284a,c109a4332b568b5b,8195,4109327,511622,98743,2426285,0,511425,5,5213,85334,636968,45751,690914,374211,98743,183,2,2,511425,420877,98743,6,0,0
l1id_l2_d0_f1a,l1id_l2_d0,f1a,1,2,1,1,1,0,291018d9a63efe549be589d1127e424e1118ed8a,5da6f813098f5fdcf3701f925da94de77821183910a3297492ba88c39d67ea73,7c5d126f2e5f91595151f55118733d0eb9dad8c852b20c4ea36b261f144e09f8,mem_ldst,pass,1045126,307280,0.294012,66a8fd217008610e,b536144c404de75f,34824,397522,338301,38923,428219,0,338005,8,36866,4101,32613,266,67703,36960,38923,11,2,2,307288,307281,38923,30726,32,0
l1id_l2_d0_f1a,l1id_l2_d0,f1a,1,2,1,1,1,0,291018d9a63efe549be589d1127e424e1118ed8a,01d8124e7e69917227b2ac615c373583bcf2e00db89b10e905d78e2879052039,49fb782bb39c54c13ec9d34b1c028a749347fbc86c1a0b1a36aeca8e9fb5ac70,fp_scalar,pass,173807,65963,0.379519,78dbdb2d365390ea,4078dabba91c60f0,19,16583,79053,12339,218,0,78283,22,1,1,168,23,210,211,12340,52,2,2,66029,65964,12340,12277,0,0
l1id_l2_d0_f1a,l1id_l2_d0,f1a,1,2,1,1,1,0,291018d9a63efe549be589d1127e424e1118ed8a,040c8b016b18f4f713cd97239133d87fa4be608d80d5444428cba4cf855aa2f6,e868b221ba0f6d069e08fd29e26aeed380346c54c140ceae23725d2cd4feb98f,fp_fp16,pass,180799,82013,0.453614,f98c0d4c6cd709ec,a8dddf1e0170212e,5,83,90532,8193,87,0,90199,9,0,1,77,10,92,93,8194,2,1,1,82017,82014,8194,8192,0,0
l1id_l2_d0_f1a,l1id_l2_d0,f1a,1,2,1,1,1,0,291018d9a63efe549be589d1127e424e1118ed8a,217b415cfabe179b66643abc0fe9746fbbf7d033439e65ebabdcac74644c9974,6ebbd4c33bce14151a78f318bb2a352f496f9def93b6cdd417b91d057db1f7bf,neon_vect,pass,191401,66721,0.348593,3ec03fbc5b7681d0,3ba6dea5f6c76128,4116,33479,78021,10746,37577,0,77454,15,4181,10,183,24,4323,4316,10747,251,1,1,66725,66722,10747,10745,64,0
l1id_l2_d0_f1a,l1id_l2_d0,f1a,1,2,1,1,1,0,291018d9a63efe549be589d1127e424e1118ed8a,1155c2f835c3da22b2284657fe71ef9c53e1cb0993c51a14120844f4a65a28a7,a22f6ceaffd2b2c84c7bf85a875c5f1844b7d3d254818aea5fbb0d0f8b2362bc,kernel_crc,pass,131867,56697,0.429956,f3942e45589853c9,4b7827dca661ce52,513,19733,59585,2567,17901,0,59256,9,4332,38,337,46,896,889,2567,7,2,2,56700,56698,2567,2566,32,0
l1id_l2_d0_f1a,l1id_l2_d0,f1a,1,2,1,1,1,0,291018d9a63efe549be589d1127e424e1118ed8a,59edebceba4a2d476b000095f622abceea02e0c59f935026e45dd1dc76ac7d54,e800011683cc5415427fbd451d41488be7051910b4abfb3c76c4082e59b42a58,kernel_hash,pass,51624,6521,0.126317,c6c0c405771e67ea,382ce89b02dbde6a,259,37890,7983,1301,5092,0,7819,4,1029,6,78,9,346,339,1301,21,2,2,7553,6522,1301,271,0,0
l1id_l2_d0_f1a,l1id_l2_d0,f1a,1,2,1,1,1,0,291018d9a63efe549be589d1127e424e1118ed8a,9a7360a0260aacd62d8721a93defe9b0042995d2230cb4063a2e37f2d3f69a7d,591f07d83da50b47ba57760f75e2fffe40c0dfd0c3821973c300b7c7ae03a8c4,kernel_matmul,pass,436904,66228,0.151585,ef7876e8c2a70833,e3eaeae9367bd84c,1027,304199,74947,8967,59466,0,74709,6,16849,49,392,55,1474,1475,8967,7,2,2,73911,66229,8967,805,0,0
l1id_l2_d0_f1a,l1id_l2_d0,f1a,1,2,1,1,1,0,291018d9a63efe549be589d1127e424e1118ed8a,8cb825c569d8000b5bc3a2883bd406bcc6d97d8e041ad887d06adc6336d8c6bd,184eb6e1d8ad80234110b30972e6f60cee240db23d210871690270b9d70518d5,kernel_sort,pass,227968,70932,0.311149,8710701d0b190bf3,d19864be4fb8646a,8575,69015,79433,8592,85905,0,79269,4,8569,5,70,9,8654,8655,8592,144,1,1,70936,70933,8592,8338,0,0
nocache_d1_f0,nocache_d1,f0,0,2,0,0,0,1,291018d9a63efe549be589d1127e424e1118ed8a,30d2ef74f7061346b6abbae656eff50e490f3f23317956547b02dceb18a9a8c4,fd70bfab998b564fd78b6dddd0e29ec3814f31409118868c50511cfb3cae6b4b,alu_latency,pass,4000283,750049,0.187499,e02f90ea8089a4f1,0dd7f555d8ef95bf,4,32,3000223,250011,36,0,0,0,0,0,0,0,750056,750055,0,0,0,0,0,0,0,0,0,0
nocache_d1_f0,nocache_d1,f0,0,2,0,0,0,1,291018d9a63efe549be589d1127e424e1118ed8a,eda9768bf4d4c615f998f64a4b5551cc12074733c4450170696939c1dd990ae6,0b5bcd16c774981a81fed5126ab94511a5e514a222b7bafb6c84cee39506bc03,alu_ilp,pass,4120396,800072,0.194174,e2460cb58f947f1e,fe4b1964ce21abdf,4,32,3200315,120009,36,0,0,0,0,0,0,0,800079,800078,0,0,0,0,0,0,0,0,0,0
nocache_d1_f0,nocache_d1,f0,0,2,0,0,0,1,291018d9a63efe549be589d1127e424e1118ed8a,49aee136dae56a032b50d74996320f7fdecc1ff9f9771b767e837edd28f25acb,e193e924e846b0102cf58740dace1021d476fb6cdf56c732ec6d4a00a4f42890,ctrl_branch,pass,3750476,690074,0.183996,7fb17010b1b19d67,0617c8083a02b214,13,120120,2840391,220011,140134,0,0,0,0,0,0,0,710098,710097,0,0,0,0,0,0,0,0,0,0
nocache_d1_f0,nocache_d1,f0,0,2,0,0,0,1,291018d9a63efe549be589d1127e424e1118ed8a,2311bb6dfe9927c22428dda0cb08e17744e951f1fe28f0c3794a4892125a3b80,8ffba56ab71aef16093baaabe809ae1077cf7dc87b1728cf7a306b405bcbee4f,muldiv,pass,880697,28131,0.031942,215bc87874367184,2f8508123d7fffb6,4,768032,844551,8015,36,0,0,0,0,0,0,0,28138,28137,0,0,0,0,0,0,0,0,0,0
nocache_d1_f0,nocache_d1,f0,0,2,0,0,0,1,291018d9a63efe549be589d1127e424e1118ed8a,01f52347582bb256f284835595eaed3b1710ab89ab2e2da33815a0e624fb2846,92c4cf43107a173345475b6ced3048356a6a1f56a4bacbe563e2a5eddf5b9527,mem_seq,timeout,5000000,787714,0.157543,21fa6f4867492b5d,891501d65678a0da,111527,1338620,4043348,168937,1561424,0,0,0,0,0,0,0,1010776,1010776,0,0,0,0,0,0,0,0,0,0
nocache_d1_f0,nocache_d1,f0,0,2,0,0,0,1,291018d9a63efe549be589d1127e424e1118ed8a,609117c2d3de62613a26ba25f11834464414cba77f3165d652d358e81df4416e,587353343730b0048d3c5fb51f3427d0720bf16b47bcc867790019daf049739e,mem_random,timeout,5000000,474797,0.094959,8db34ca7282f37c4,c109a4332b568b5b,8195,2928841,4418756,106446,745112,0,0,0,0,0,0,0,581243,581243,0,0,0,0,0,0,0,0,0,0
nocache_d1_f0,nocache_d1,f0,0,2,0,0,0,1,291018d9a63efe549be589d1127e424e1118ed8a,5da6f813098f5fdcf3701f925da94de77821183910a3297492ba88c39d67ea73,7c5d126f2e5f91595151f55118733d0eb9dad8c852b20c4ea36b261f144e09f8,mem_ldst,pass,1886682,307280,0.162868,66a8fd217008610e,b536144c404de75f,34824,454742,1540479,38923,505955,0,0,0,0,0,0,0,383072,383071,0,0,0,0,0,0,0,0,0,0
nocache_d1_f0,nocache_d1,f0,0,2,0,0,0,1,291018d9a63efe549be589d1127e424e1118ed8a,01d8124e7e69917227b2ac615c373583bcf2e00db89b10e905d78e2879052039,49fb782bb39c54c13ec9d34b1c028a749347fbc86c1a0b1a36aeca8e9fb5ac70,fp_scalar,pass,358434,65963,0.184031,78dbdb2d365390ea,4078dabba91c60f0,19,16510,280131,12339,147,0,0,0,0,0,0,0,65985,65984,0,0,0,0,0,0,0,0,0,0
nocache_d1_f0,nocache_d1,f0,0,2,0,0,0,1,291018d9a63efe549be589d1127e424e1118ed8a,040c8b016b18f4f713cd97239133d87fa4be608d80d5444428cba4cf855aa2f6,e868b221ba0f6d069e08fd29e26aeed380346c54c140ceae23725d2cd4feb98f,fp_fp16,pass,418286,82013,0.196069,f98c0d4c6cd709ec,a8dddf1e0170212e,5,36,328079,8193,42,0,0,0,0,0,0,0,82020,82019,0,0,0,0,0,0,0,0,0,0
nocache_d1_f0,nocache_d1,f0,0,2,0,0,0,1,291018d9a63efe549be589d1127e424e1118ed8a,217b415cfabe179b66643abc0fe9746fbbf7d033439e65ebabdcac74644c9974,6ebbd4c33bce14151a78f318bb2a352f496f9def93b6cdd417b91d057db1f7bf,neon_vect,pass,377583,66721,0.176706,3caef22144f0b28a,3ba6dea5f6c76128,4116,41556,300115,10746,45720,0,0,0,0,0,0,0,75029,75028,0,0,0,0,0,0,0,0,0,0
nocache_d1_f0,nocache_d1,f0,0,2,0,0,0,1,291018d9a63efe549be589d1127e424e1118ed8a,1155c2f835c3da22b2284657fe71ef9c53e1cb0993c51a14120844f4a65a28a7,a22f6ceaffd2b2c84c7bf85a875c5f1844b7d3d254818aea5fbb0d0f8b2362bc,kernel_crc,pass,307900,56697,0.184141,f3942e45589853c9,4b7827dca661ce52,513,33924,248636,2567,34181,0,0,0,0,0,0,0,61581,61580,0,0,0,0,0,0,0,0,0,0
nocache_d1_f0,nocache_d1,f0,0,2,0,0,0,1,291018d9a63efe549be589d1127e424e1118ed8a,59edebceba4a2d476b000095f622abceea02e0c59f935026e45dd1dc76ac7d54,e800011683cc5415427fbd451d41488be7051910b4abfb3c76c4082e59b42a58,kernel_hash,pass,69042,6521,0.09445,c6c0c405771e67ea,382ce89b02dbde6a,259,40816,61220,1301,9052,0,0,0,0,0,0,0,7816,7815,0,0,0,0,0,0,0,0,0,0
nocache_d1_f0,nocache_d1,f0,0,2,0,0,0,1,291018d9a63efe549be589d1127e424e1118ed8a,9a7360a0260aacd62d8721a93defe9b0042995d2230cb4063a2e37f2d3f69a7d,591f07d83da50b47ba57760f75e2fffe40c0dfd0c3821973c300b7c7ae03a8c4,kernel_matmul,pass,649378,66228,0.101987,ef7876e8c2a70833,e3eaeae9367bd84c,1027,369690,574183,8967,125469,0,0,0,0,0,0,0,84154,84153,0,0,0,0,0,0,0,0,0,0
nocache_d1_f0,nocache_d1,f0,0,2,0,0,0,1,291018d9a63efe549be589d1127e424e1118ed8a,8cb825c569d8000b5bc3a2883bd406bcc6d97d8e041ad887d06adc6336d8c6bd,184eb6e1d8ad80234110b30972e6f60cee240db23d210871690270b9d70518d5,kernel_sort,pass,431851,70932,0.164251,8710701d0b190bf3,d19864be4fb8646a,8575,102890,352327,8592,120037,0,0,0,0,0,0,0,88082,88081,0,0,0,0,0,0,0,0,0,0
nocache_d1_f1a,nocache_d1,f1a,1,2,0,0,0,1,291018d9a63efe549be589d1127e424e1118ed8a,30d2ef74f7061346b6abbae656eff50e490f3f23317956547b02dceb18a9a8c4,fd70bfab998b564fd78b6dddd0e29ec3814f31409118868c50511cfb3cae6b4b,alu_latency,pass,4000264,750049,0.1875,e02f90ea8089a4f1,0dd7f555d8ef95bf,4,500046,3000176,250011,32,0,0,0,0,0,0,0,1000065,1000064,250011,155,1,1,750050,750050,250011,250009,500018,0
nocache_d1_f1a,nocache_d1,f1a,1,2,0,0,0,1,291018d9a63efe549be589d1127e424e1118ed8a,eda9768bf4d4c615f998f64a4b5551cc12074733c4450170696939c1dd990ae6,0b5bcd16c774981a81fed5126ab94511a5e514a222b7bafb6c84cee39506bc03,alu_ilp,pass,3680348,800072,0.21739,e2460cb58f947f1e,fe4b1964ce21abdf,4,240042,2760239,120009,32,0,0,0,0,0,0,0,920086,920085,120009,201,1,1,800073,800073,120009,120007,240014,0
nocache_d1_f1a,nocache_d1,f1a,1,2,0,0,0,1,291018d9a63efe549be589d1127e424e1118ed8a,49aee136dae56a032b50d74996320f7fdecc1ff9f9771b767e837edd28f25acb,e193e924e846b0102cf58740dace1021d476fb6cdf56c732ec6d4a00a4f42890,ctrl_branch,pass,3740433,690074,0.18449,7fb17010b1b19d67,0617c8083a02b214,13,540121,2730242,220011,120123,0,0,0,0,0,0,0,930104,930103,220011,107,1,1,690075,690075,220011,220006,440012,0
nocache_d1_f1a,nocache_d1,f1a,1,2,0,0,0,1,291018d9a63efe549be589d1127e424e1118ed8a,2311bb6dfe9927c22428dda0cb08e17744e951f1fe28f0c3794a4892125a3b80,8ffba56ab71aef16093baaabe809ae1077cf7dc87b1728cf7a306b405bcbee4f,muldiv,pass,856592,28131,0.032841,215bc87874367184,2f8508123d7fffb6,4,780058,120422,8015,32,0,0,0,0,0,0,0,40147,40146,8015,79,2,2,32128,28132,8015,8013,12030,0
nocache_d1_f1a,nocache_d1,f1a,1,2,0,0,0,1,291018d9a63efe549be589d1127e424e1118ed8a,01f52347582bb256f284835595eaed3b1710ab89ab2e2da33815a0e624fb2846,92c4cf43107a173345475b6ced3048356a6a1f56a4bacbe563e2a5eddf5b9527,mem_seq,timeout,5000000,796232,0.159246,4d4e958016fd784c,f457537fc364cd8c,113231,1529696,2900558,170641,1414669,0,0,0,0,0,0,0,1193321,1193320,170641,145,2,2,796234,796234,170641,170619,341238,0
nocache_d1_f1a,nocache_d1,f1a,1,2,0,0,0,1,291018d9a63efe549be589d1127e424e1118ed8a,609117c2d3de62613a26ba25f11834464414cba77f3165d652d358e81df4416e,587353343730b0048d3c5fb51f3427d0720bf16b47bcc867790019daf049739e,mem_random,pass,4759843,475192,0.099834,08c9181cf290ad35,4e707e98e0c89190,8197,3039286,1745081,106503,639027,0,0,0,0,0,0,0,688199,688198,106503,7,2,2,475193,475193,106503,106501,213002,0
nocache_d1_f1a,nocache_d1,f1a,1,2,0,0,0,1,291018d9a63efe549be589d1127e424e1118ed8a,5da6f813098f5fdcf3701f925da94de77821183910a3297492ba88c39d67ea73,7c5d126f2e5f91595151f55118733d0eb9dad8c852b20c4ea36b261f144e09f8,mem_ldst,pass,1755557,307280,0.175033,66a8fd217008610e,b536144c404de75f,34824,473172,1038593,38923,446551,0,0,0,0,0,0,0,421989,421988,38923,11,1,1,307281,307281,38923,38917,77834,0
nocache_d1_f1a,nocache_d1,f1a,1,2,0,0,0,1,291018d9a63efe549be589d1127e424e1118ed8a,01d8124e7e69917227b2ac615c373583bcf2e00db89b10e905d78e2879052039,49fb782bb39c54c13ec9d34b1c028a749347fbc86c1a0b1a36aeca8e9fb5ac70,fp_scalar,pass,329316,65963,0.200303,78dbdb2d365390ea,4078dabba91c60f0,19,41107,234908,12339,128,0,0,0,0,0,0,0,78324,78323,12340,52,2,2,65964,65964,12340,12339,24616,0
nocache_d1_f1a,nocache_d1,f1a,1,2,0,0,0,1,291018d9a63efe549be589d1127e424e1118ed8a,040c8b016b18f4f713cd97239133d87fa4be608d80d5444428cba4cf855aa2f6,e868b221ba0f6d069e08fd29e26aeed380346c54c140ceae23725d2cd4feb98f,fp_fp16,pass,360854,82013,0.227275,f98c0d4c6cd709ec,a8dddf1e0170212e,5,16414,270617,8193,36,0,0,0,0,0,0,0,90212,90211,8194,2,1,1,82014,82014,8194,8192,16384,0
nocache_d1_f1a,nocache_d1,f1a,1,2,0,0,0,1,291018d9a63efe549be589d1127e424e1118ed8a,217b415cfabe179b66643abc0fe9746fbbf7d033439e65ebabdcac74644c9974,6ebbd4c33bce14151a78f318bb2a352f496f9def93b6cdd417b91d057db1f7bf,neon_vect,pass,347260,66721,0.192136,3caef22144f0b28a,3ba6dea5f6c76128,4116,62514,232400,10746,45188,0,0,0,0,0,0,0,85774,85773,10747,251,1,1,66722,66722,10747,10745,21490,0
nocache_d1_f1a,nocache_d1,f1a,1,2,0,0,0,1,291018d9a63efe549be589d1127e424e1118ed8a,1155c2f835c3da22b2284657fe71ef9c53e1cb0993c51a14120844f4a65a28a7,a22f6ceaffd2b2c84c7bf85a875c5f1844b7d3d254818aea5fbb0d0f8b2362bc,kernel_crc,pass,261470,56697,0.216839,f3942e45589853c9,4b7827dca661ce52,513,34173,177791,2567,29298,0,0,0,0,0,0,0,64147,64146,2567,7,1,1,56698,56698,2567,2566,5132,0
nocache_d1_f1a,nocache_d1,f1a,1,2,0,0,0,1,291018d9a63efe549be589d1127e424e1118ed8a,59edebceba4a2d476b000095f622abceea02e0c59f935026e45dd1dc76ac7d54,e800011683cc5415427fbd451d41488be7051910b4abfb3c76c4082e59b42a58,kernel_hash,pass,64610,6521,0.100929,c6c0c405771e67ea,382ce89b02dbde6a,259,41094,23462,1301,7760,0,0,0,0,0,0,0,9115,9114,1301,21,2,2,6522,6522,1301,1299,1570,0
nocache_d1_f1a,nocache_d1,f1a,1,2,0,0,0,1,291018d9a63efe549be589d1127e424e1118ed8a,9a7360a0260aacd62d8721a93defe9b0042995d2230cb4063a2e37f2d3f69a7d,591f07d83da50b47ba57760f75e2fffe40c0dfd0c3821973c300b7c7ae03a8c4,kernel_matmul,pass,603394,66228,0.109759,ef7876e8c2a70833,e3eaeae9367bd84c,1027,370467,225584,8967,115994,0,0,0,0,0,0,0,93120,93119,8967,7,2,2,66229,66229,8967,8966,10252,0
nocache_d1_f1a,nocache_d1,f1a,1,2,0,0,0,1,291018d9a63efe549be589d1127e424e1118ed8a,8cb825c569d8000b5bc3a2883bd406bcc6d97d8e041ad887d06adc6336d8c6bd,184eb6e1d8ad80234110b30972e6f60cee240db23d210871690270b9d70518d5,kernel_sort,pass,403835,70932,0.175646,8710701d0b190bf3,d19864be4fb8646a,8575,102923,238568,8592,102890,0,0,0,0,0,0,0,96672,96671,8592,144,1,1,70933,70933,8592,8590,17180,0
nocache_d2_f0,nocache_d2,f0,0,2,0,0,0,2,291018d9a63efe549be589d1127e424e1118ed8a,30d2ef74f7061346b6abbae656eff50e490f3f23317956547b02dceb18a9a8c4,fd70bfab998b564fd78b6dddd0e29ec3814f31409118868c50511cfb3cae6b4b,alu_latency,timeout,5000000,647073,0.129415,02ea93e7af2acbd7,87946b26b0fbf38d,2,16,4137240,215687,17,0,0,0,0,0,0,0,647075,647075,0,0,0,0,0,0,0,0,0,0
nocache_d2_f0,nocache_d2,f0,0,2,0,0,0,2,291018d9a63efe549be589d1127e424e1118ed8a,eda9768bf4d4c615f998f64a4b5551cc12074733c4450170696939c1dd990ae6,0b5bcd16c774981a81fed5126ab94511a5e514a222b7bafb6c84cee39506bc03,alu_ilp,timeout,5000000,691402,0.13828,831fa17369682b8c,87946b26b0fbf38d,2,16,4199458,109140,17,0,0,0,0,0,0,0,691404,691404,0,0,0,0,0,0,0,0,0,0
nocache_d2_f0,nocache_d2,f0,0,2,0,0,0,2,291018d9a63efe549be589d1127e424e1118ed8a,49aee136dae56a032b50d74996320f7fdecc1ff9f9771b767e837edd28f25acb,e193e924e846b0102cf58740dace1021d476fb6cdf56c732ec6d4a00a4f42890,ctrl_branch,timeout,5000000,668403,0.133681,be4d5838f31460fe,48a064bbacad1e70,11,181689,4119709,211887,198989,0,0,0,0,0,0,0,685711,685711,0,0,0,0,0,0,0,0,0,0
nocache_d2_f0,nocache_d2,f0,0,2,0,0,0,2,291018d9a63efe549be589d1127e424e1118ed8a,2311bb6dfe9927c22428dda0cb08e17744e951f1fe28f0c3794a4892125a3b80,8ffba56ab71aef16093baaabe809ae1077cf7dc87b1728cf7a306b405bcbee4f,muldiv,pass,910270,28131,0.030904,215bc87874367184,2f8508123d7fffb6,4,768047,874124,8015,51,0,0,0,0,0,0,0,28138,28137,0,0,0,0,0,0,0,0,0,0
nocache_d2_f0,nocache_d2,f0,0,2,0,0,0,2,291018d9a63efe549be589d1127e424e1118ed8a,01f52347582bb256f284835595eaed3b1710ab89ab2e2da33815a0e624fb2846,92c4cf43107a173345475b6ced3048356a6a1f56a4bacbe563e2a5eddf5b9527,mem_seq,timeout,5000000,562166,0.112433,8c4a9bb520bfdd2f,9682bb25ab29f2f2,81943,1441690,4317885,119948,1585920,0,0,0,0,0,0,0,706654,706653,0,0,0,0,0,0,0,0,0,0
nocache_d2_f0,nocache_d2,f0,0,2,0,0,0,2,291018d9a63efe549be589d1127e424e1118ed8a,609117c2d3de62613a26ba25f11834464414cba77f3165d652d358e81df4416e,587353343730b0048d3c5fb51f3427d0720bf16b47bcc867790019daf049739e,mem_random,timeout,5000000,407881,0.081576,a9b36cc8cd729082,c109a4332b568b5b,8195,2652753,4495232,96886,1090402,0,0,0,0,0,0,0,504768,504768,0,0,0,0,0,0,0,0,0,0
nocache_d2_f0,nocache_d2,f0,0,2,0,0,0,2,291018d9a63efe549be589d1127e424e1118ed8a,5da6f813098f5fdcf3701f925da94de77821183910a3297492ba88c39d67ea73,7c5d126f2e5f91595151f55118733d0eb9dad8c852b20c4ea36b261f144e09f8,mem_ldst,pass,2686449,307280,0.114381,66a8fd217008610e,b536144c404de75f,34824,756597,2340246,38923,807810,0,0,0,0,0,0,0,383072,383071,0,0,0,0,0,0,0,0,0,0
nocache_d2_f0,nocache_d2,f0,0,2,0,0,0,2,291018d9a63efe549be589d1127e424e1118ed8a,01d8124e7e69917227b2ac615c373583bcf2e00db89b10e905d78e2879052039,49fb782bb39c54c13ec9d34b1c028a749347fbc86c1a0b1a36aeca8e9fb5ac70,fp_scalar,pass,507274,65963,0.130034,78dbdb2d365390ea,4078dabba91c60f0,19,16599,428971,12339,236,0,0,0,0,0,0,0,65985,65984,0,0,0,0,0,0,0,0,0,0
nocache_d2_f0,nocache_d2,f0,0,2,0,0,0,2,291018d9a63efe549be589d1127e424e1118ed8a,040c8b016b18f4f713cd97239133d87fa4be608d80d5444428cba4cf855aa2f6,e868b221ba0f6d069e08fd29e26aeed380346c54c140ceae23725d2cd4feb98f,fp_fp16,pass,597568,82013,0.137245,f98c0d4c6cd709ec,a8dddf1e0170212e,5,66,507361,8193,72,0,0,0,0,0,0,0,82020,82019,0,0,0,0,0,0,0,0,0,0
nocache_d2_f0,nocache_d2,f0,0,2,0,0,0,2,291018d9a63efe549be589d1127e424e1118ed8a,217b415cfabe179b66643abc0fe9746fbbf7d033439e65ebabdcac74644c9974,6ebbd4c33bce14151a78f318bb2a352f496f9def93b6cdd417b91d057db1f7bf,neon_vect,pass,524132,66721,0.127298,3caef22144f0b28a,3ba6dea5f6c76128,4116,68198,446664,10746,72362,0,0,0,0,0,0,0,75029,75028,0,0,0,0,0,0,0,0,0,0
nocache_d2_f0,nocache_d2,f0,0,2,0,0,0,2,291018d9a63efe549be589d1127e424e1118ed8a,1155c2f835c3da22b2284657fe71ef9c53e1cb0993c51a14120844f4a65a28a7,a22f6ceaffd2b2c84c7bf85a875c5f1844b7d3d254818aea5fbb0d0f8b2362bc,kernel_crc,pass,426973,56697,0.132788,f3942e45589853c9,4b7827dca661ce52,513,52308,367709,2567,52565,0,0,0,0,0,0,0,61581,61580,0,0,0,0,0,0,0,0,0,0
nocache_d2_f0,nocache_d2,f0,0,2,0,0,0,2,291018d9a63efe549be589d1127e424e1118ed8a,59edebceba4a2d476b000095f622abceea02e0c59f935026e45dd1dc76ac7d54,e800011683cc5415427fbd451d41488be7051910b4abfb3c76c4082e59b42a58,kernel_hash,pass,83266,6521,0.078315,c6c0c405771e67ea,382ce89b02dbde6a,259,46162,75444,1301,14398,0,0,0,0,0,0,0,7816,7815,0,0,0,0,0,0,0,0,0,0
nocache_d2_f0,nocache_d2,f0,0,2,0,0,0,2,291018d9a63efe549be589d1127e424e1118ed8a,9a7360a0260aacd62d8721a93defe9b0042995d2230cb4063a2e37f2d3f69a7d,591f07d83da50b47ba57760f75e2fffe40c0dfd0c3821973c300b7c7ae03a8c4,kernel_matmul,pass,805114,66228,0.082259,ef7876e8c2a70833,e3eaeae9367bd84c,1027,444565,729919,8967,200344,0,0,0,0,0,0,0,84154,84153,0,0,0,0,0,0,0,0,0,0
nocache_d2_f0,nocache_d2,f0,0,2,0,0,0,2,291018d9a63efe549be589d1127e424e1118ed8a,8cb825c569d8000b5bc3a2883bd406bcc6d97d8e041ad887d06adc6336d8c6bd,184eb6e1d8ad80234110b30972e6f60cee240db23d210871690270b9d70518d5,kernel_sort,pass,614262,70932,0.115475,8710701d0b190bf3,d19864be4fb8646a,8575,173722,534738,8592,190869,0,0,0,0,0,0,0,88082,88081,0,0,0,0,0,0,0,0,0,0
nocache_d2_f1a,nocache_d2,f1a,1,2,0,0,0,2,291018d9a63efe549be589d1127e424e1118ed8a,30d2ef74f7061346b6abbae656eff50e490f3f23317956547b02dceb18a9a8c4,fd70bfab998b564fd78b6dddd0e29ec3814f31409118868c50511cfb3cae6b4b,alu_latency,timeout,5000000,602941,0.120588,3f2cc6280d35122e,87946b26b0fbf38d,2,848023,4196067,200976,17,0,0,0,0,0,0,0,803920,803920,200976,16,1,1,602942,602942,200976,200976,848007,0
nocache_d2_f1a,nocache_d2,f1a,1,2,0,0,0,2,291018d9a63efe549be589d1127e424e1118ed8a,eda9768bf4d4c615f998f64a4b5551cc12074733c4450170696939c1dd990ae6,0b5bcd16c774981a81fed5126ab94511a5e514a222b7bafb6c84cee39506bc03,alu_ilp,timeout,5000000,694470,0.138894,d6ea0e226e068f90,87946b26b0fbf38d,2,461834,4196067,109447,17,0,0,0,0,0,0,0,803920,803920,109447,135,1,1,694471,694471,109447,109447,461818,0
nocache_d2_f1a,nocache_d2,f1a,1,2,0,0,0,2,291018d9a63efe549be589d1127e424e1118ed8a,49aee136dae56a032b50d74996320f7fdecc1ff9f9771b767e837edd28f25acb,e193e924e846b0102cf58740dace1021d476fb6cdf56c732ec6d4a00a4f42890,ctrl_branch,timeout,5000000,607808,0.121562,92f25245d411ba21,48a064bbacad1e70,11,878884,4131208,189164,103315,0,0,0,0,0,0,0,806702,806702,189164,236,1,1,607808,607808,189164,189162,785295,0
nocache_d2_f1a,nocache_d2,f1a,1,2,0,0,0,2,291018d9a63efe549be589d1127e424e1118ed8a,2311bb6dfe9927c22428dda0cb08e17744e951f1fe28f0c3794a4892125a3b80,8ffba56ab71aef16093baaabe809ae1077cf7dc87b1728cf7a306b405bcbee4f,muldiv,pass,892703,28131,0.031512,215bc87874367184,2f8508123d7fffb6,4,798212,202263,8015,49,0,0,0,0,0,0,0,40147,40146,8015,79,2,2,32128,28132,8015,8013,30167,0
nocache_d2_f1a,nocache_d2,f1a,1,2,0,0,0,2,291018d9a63efe549be589d1127e424e1118ed8a,01f52347582bb256f284835595eaed3b1710ab89ab2e2da33815a0e624fb2846,92c4cf43107a173345475b6ced3048356a6a1f56a4bacbe563e2a5eddf5b9527,mem_seq,timeout,5000000,553599,0.11072,6780d87b236bc2ff,9682bb25ab29f2f2,81943,1758504,3328981,117806,1431175,0,0,0,0,0,0,0,813731,813731,117806,46,2,2,553601,553600,117806,117785,469417,0
nocache_d2_f1a,nocache_d2,f1a,1,2,0,0,0,2,291018d9a63efe549be589d1127e424e1118ed8a,609117c2d3de62613a26ba25f11834464414cba77f3165d652d358e81df4416e,587353343730b0048d3c5fb51f3427d0720bf16b47bcc867790019daf049739e,mem_random,timeout,5000000,413351,0.08267,4f208b0b91e06700,c109a4332b568b5b,8195,2919125,2493013,97668,923138,0,0,0,0,0,0,0,608687,608687,97668,132,2,2,413354,413352,97668,97667,382827,0
nocache_d2_f1a,nocache_d2,f1a,1,2,0,0,0,2,291018d9a63efe549be589d1127e424e1118ed8a,5da6f813098f5fdcf3701f925da94de77821183910a3297492ba88c39d67ea73,7c5d126f2e5f91595151f55118733d0eb9dad8c852b20c4ea36b261f144e09f8,mem_ldst,pass,2618154,307280,0.117365,66a8fd217008610e,b536144c404de75f,34824,860268,1744509,38923,741496,0,0,0,0,0,0,0,421989,421988,38923,11,1,1,307281,307281,38923,38917,169985,0
nocache_d2_f1a,nocache_d2,f1a,1,2,0,0,0,2,291018d9a63efe549be589d1127e424e1118ed8a,01d8124e7e69917227b2ac615c373583bcf2e00db89b10e905d78e2879052039,49fb782bb39c54c13ec9d34b1c028a749347fbc86c1a0b1a36aeca8e9fb5ac70,fp_scalar,pass,502773,65963,0.131198,78dbdb2d365390ea,4078dabba91c60f0,19,68517,408589,12339,224,0,0,0,0,0,0,0,78324,78323,12340,52,2,2,65964,65964,12340,12339,51930,0
nocache_d2_f1a,nocache_d2,f1a,1,2,0,0,0,2,291018d9a63efe549be589d1127e424e1118ed8a,040c8b016b18f4f713cd97239133d87fa4be608d80d5444428cba4cf855aa2f6,e868b221ba0f6d069e08fd29e26aeed380346c54c140ceae23725d2cd4feb98f,fp_fp16,pass,561074,82013,0.146171,f98c0d4c6cd709ec,a8dddf1e0170212e,5,34618,470828,8193,62,0,0,0,0,0,0,0,90212,90211,8194,2,1,1,82014,82014,8194,8192,34562,0
nocache_d2_f1a,nocache_d2,f1a,1,2,0,0,0,2,291018d9a63efe549be589d1127e424e1118ed8a,217b415cfabe179b66643abc0fe9746fbbf7d033439e65ebabdcac74644c9974,6ebbd4c33bce14151a78f318bb2a352f496f9def93b6cdd417b91d057db1f7bf,neon_vect,pass,534493,66721,0.12483,3caef22144f0b28a,3ba6dea5f6c76128,4116,111312,402535,10746,70082,0,0,0,0,0,0,0,85774,85773,10747,251,1,1,66722,66722,10747,10745,45394,0
nocache_d2_f1a,nocache_d2,f1a,1,2,0,0,0,2,291018d9a63efe549be589d1127e424e1118ed8a,1155c2f835c3da22b2284657fe71ef9c53e1cb0993c51a14120844f4a65a28a7,a22f6ceaffd2b2c84c7bf85a875c5f1844b7d3d254818aea5fbb0d0f8b2362bc,kernel_crc,pass,398793,56697,0.142172,f3942e45589853c9,4b7827dca661ce52,513,59546,306240,2567,50170,0,0,0,0,0,0,0,64147,64146,2567,7,1,1,56698,56698,2567,2566,9633,0
nocache_d2_f1a,nocache_d2,f1a,1,2,0,0,0,2,291018d9a63efe549be589d1127e424e1118ed8a,59edebceba4a2d476b000095f622abceea02e0c59f935026e45dd1dc76ac7d54,e800011683cc5415427fbd451d41488be7051910b4abfb3c76c4082e59b42a58,kernel_hash,pass,77314,6521,0.084344,c6c0c405771e67ea,382ce89b02dbde6a,259,48352,37107,1301,12749,0,0,0,0,0,0,0,9115,9114,1301,21,2,2,6522,6522,1301,1299,3839,0
nocache_d2_f1a,nocache_d2,f1a,1,2,0,0,0,2,291018d9a63efe549be589d1127e424e1118ed8a,9a7360a0260aacd62d8721a93defe9b0042995d2230cb4063a2e37f2d3f69a7d,591f07d83da50b47ba57760f75e2fffe40c0dfd0c3821973c300b7c7ae03a8c4,kernel_matmul,pass,764813,66228,0.086594,ef7876e8c2a70833,e3eaeae9367bd84c,1027,466078,393912,8967,195674,0,0,0,0,0,0,0,93120,93119,8967,7,2,2,66229,66229,8967,8966,26183,0
nocache_d2_f1a,nocache_d2,f1a,1,2,0,0,0,2,291018d9a63efe549be589d1127e424e1118ed8a,8cb825c569d8000b5bc3a2883bd406bcc6d97d8e041ad887d06adc6336d8c6bd,184eb6e1d8ad80234110b30972e6f60cee240db23d210871690270b9d70518d5,kernel_sort,pass,572372,70932,0.123926,8710701d0b190bf3,d19864be4fb8646a,8575,163641,381627,8592,151473,0,0,0,0,0,0,0,96672,96671,8592,144,1,1,70933,70933,8592,8590,29315,0
fullcache_d1_f0,fullcache_d1,f0,0,2,1,1,1,1,291018d9a63efe549be589d1127e424e1118ed8a,30d2ef74f7061346b6abbae656eff50e490f3f23317956547b02dceb18a9a8c4,fd70bfab998b564fd78b6dddd0e29ec3814f31409118868c50511cfb3cae6b4b,alu_latency,pass,2500531,750049,0.299956,e02f90ea8089a4f1,0dd7f555d8ef95bf,4,84,1500471,250011,88,0,750045,5,1,1,49,6,59,60,0,0,0,0,0,0,0,0,0,0
fullcache_d1_f0,fullcache_d1,f0,0,2,1,1,1,1,291018d9a63efe549be589d1127e424e1118ed8a,eda9768bf4d4c615f998f64a4b5551cc12074733c4450170696939c1dd990ae6,0b5bcd16c774981a81fed5126ab94511a5e514a222b7bafb6c84cee39506bc03,alu_ilp,pass,2520646,800072,0.317408,e2460cb58f947f1e,fe4b1964ce21abdf,4,84,1600565,120009,88,0,800067,6,1,1,56,7,67,68,0,0,0,0,0,0,0,0,0,0
fullcache_d1_f0,fullcache_d1,f0,0,2,1,1,1,1,291018d9a63efe549be589d1127e424e1118ed8a,49aee136dae56a032b50d74996320f7fdecc1ff9f9771b767e837edd28f25acb,e193e924e846b0102cf58740dace1021d476fb6cdf56c732ec6d4a00a4f42890,ctrl_branch,pass,2330838,690074,0.296063,7fb17010b1b19d67,0617c8083a02b214,13,40220,1420753,220011,60234,0,690068,7,20008,2,70,9,92,93,0,0,0,0,0,0,0,0,0,0
fullcache_d1_f0,fullcache_d1,f0,0,2,1,1,1,1,291018d9a63efe549be589d1127e424e1118ed8a,2311bb6dfe9927c22428dda0cb08e17744e951f1fe28f0c3794a4892125a3b80,8ffba56ab71aef16093baaabe809ae1077cf7dc87b1728cf7a306b405bcbee4f,muldiv,pass,849069,28131,0.033132,215bc87874367184,2f8508123d7fffb6,4,768084,812923,8015,88,0,28121,11,1,1,91,12,107,108,0,0,0,0,0,0,0,0,0,0
fullcache_d1_f0,fullcache_d1,f0,0,2,1,1,1,1,291018d9a63efe549be589d1127e424e1118ed8a,01f52347582bb256f284835595eaed3b1710ab89ab2e2da33815a0e624fb2846,92c4cf43107a173345475b6ced3048356a6a1f56a4bacbe563e2a5eddf5b9527,mem_seq,pass,4256235,803657,0.188819,826084b57439f54a,6b40dea7a6ade5c3,114714,1672808,3280454,172124,1901985,0,803652,6,102386,12337,88495,10256,213465,196770,0,0,0,0,0,0,0,0,0,0
fullcache_d1_f0,fullcache_d1,f0,0,2,1,1,1,1,291018d9a63efe549be589d1127e424e1118ed8a,609117c2d3de62613a26ba25f11834464414cba77f3165d652d358e81df4416e,587353343730b0048d3c5fb51f3427d0720bf16b47bcc867790019daf049739e,mem_random,timeout,5000000,356074,0.071215,afb153dda1664de8,c109a4332b568b5b,8195,3939044,4554440,89485,2857758,0,356070,5,4685,76605,571801,41082,621078,336859,0,0,0,0,0,0,0,0,0,0
fullcache_d1_f0,fullcache_d1,f0,0,2,1,1,1,1,291018d9a63efe549be589d1127e424e1118ed8a,5da6f813098f5fdcf3701f925da94de77821183910a3297492ba88c39d67ea73,7c5d126f2e5f91595151f55118733d0eb9dad8c852b20c4ea36b261f144e09f8,mem_ldst,pass,1403786,307280,0.218894,66a8fd217008610e,b536144c404de75f,34824,450782,1057583,38923,501995,0,307273,8,36866,4101,32613,266,67703,36960,0,0,0,0,0,0,0,0,0,0
fullcache_d1_f0,fullcache_d1,f0,0,2,1,1,1,1,291018d9a63efe549be589d1127e424e1118ed8a,01d8124e7e69917227b2ac615c373583bcf2e00db89b10e905d78e2879052039,49fb782bb39c54c13ec9d34b1c028a749347fbc86c1a0b1a36aeca8e9fb5ac70,fp_scalar,pass,227855,65963,0.289496,78dbdb2d365390ea,4078dabba91c60f0,19,16653,149552,12339,289,0,65943,22,1,1,168,23,210,211,0,0,0,0,0,0,0,0,0,0
fullcache_d1_f0,fullcache_d1,f0,0,2,1,1,1,1,291018d9a63efe549be589d1127e424e1118ed8a,040c8b016b18f4f713cd97239133d87fa4be608d80d5444428cba4cf855aa2f6,e868b221ba0f6d069e08fd29e26aeed380346c54c140ceae23725d2cd4feb98f,fp_fp16,pass,254805,82013,0.321866,f98c0d4c6cd709ec,a8dddf1e0170212e,5,91,164598,8193,96,0,82006,9,0,1,77,10,92,93,0,0,0,0,0,0,0,0,0,0
fullcache_d1_f0,fullcache_d1,f0,0,2,1,1,1,1,291018d9a63efe549be589d1127e424e1118ed8a,217b415cfabe179b66643abc0fe9746fbbf7d033439e65ebabdcac74644c9974,6ebbd4c33bce14151a78f318bb2a352f496f9def93b6cdd417b91d057db1f7bf,neon_vect,pass,253416,66721,0.263286,3caef22144f0b28a,3ba6dea5f6c76128,4116,41823,175948,10746,45986,0,66708,15,4181,10,183,24,4323,4316,0,0,0,0,0,0,0,0,0,0
fullcache_d1_f0,fullcache_d1,f0,0,2,1,1,1,1,291018d9a63efe549be589d1127e424e1118ed8a,1155c2f835c3da22b2284657fe71ef9c53e1cb0993c51a14120844f4a65a28a7,a22f6ceaffd2b2c84c7bf85a875c5f1844b7d3d254818aea5fbb0d0f8b2362bc,kernel_crc,pass,190088,56697,0.298267,f3942e45589853c9,4b7827dca661ce52,513,19262,130824,2567,19519,0,56689,9,4332,38,337,46,896,889,0,0,0,0,0,0,0,0,0,0
fullcache_d1_f0,fullcache_d1,f0,0,2,1,1,1,1,291018d9a63efe549be589d1127e424e1118ed8a,59edebceba4a2d476b000095f622abceea02e0c59f935026e45dd1dc76ac7d54,e800011683cc5415427fbd451d41488be7051910b4abfb3c76c4082e59b42a58,kernel_hash,pass,57526,6521,0.113357,c6c0c405771e67ea,382ce89b02dbde6a,259,37454,49704,1301,5690,0,6518,4,1029,6,78,9,346,339,0,0,0,0,0,0,0,0,0,0
fullcache_d1_f0,fullcache_d1,f0,0,2,1,1,1,1,291018d9a63efe549be589d1127e424e1118ed8a,9a7360a0260aacd62d8721a93defe9b0042995d2230cb4063a2e37f2d3f69a7d,591f07d83da50b47ba57760f75e2fffe40c0dfd0c3821973c300b7c7ae03a8c4,kernel_matmul,pass,506304,66228,0.130807,ef7876e8c2a70833,e3eaeae9367bd84c,1027,306508,431109,8967,62287,0,66223,6,16849,49,392,55,1474,1475,0,0,0,0,0,0,0,0,0,0
fullcache_d1_f0,fullcache_d1,f0,0,2,1,1,1,1,291018d9a63efe549be589d1127e424e1118ed8a,8cb825c569d8000b5bc3a2883bd406bcc6d97d8e041ad887d06adc6336d8c6bd,184eb6e1d8ad80234110b30972e6f60cee240db23d210871690270b9d70518d5,kernel_sort,pass,307617,70932,0.230585,8710701d0b190bf3,d19864be4fb8646a,8575,85988,228093,8592,103135,0,70929,4,8569,5,70,9,8654,8655,0,0,0,0,0,0,0,0,0,0
fullcache_d1_f1a,fullcache_d1,f1a,1,2,1,1,1,1,291018d9a63efe549be589d1127e424e1118ed8a,30d2ef74f7061346b6abbae656eff50e490f3f23317956547b02dceb18a9a8c4,fd70bfab998b564fd78b6dddd0e29ec3814f31409118868c50511cfb3cae6b4b,alu_latency,pass,2000492,750049,0.374932,e02f90ea8089a4f1,0dd7f555d8ef95bf,4,85,1000347,250011,88,0,1000054,5,1,1,49,6,59,60,250011,155,1,1,750053,750050,250011,250007,0,0
fullcache_d1_f1a,fullcache_d1,f1a,1,2,1,1,1,1,291018d9a63efe549be589d1127e424e1118ed8a,eda9768bf4d4c615f998f64a4b5551cc12074733c4450170696939c1dd990ae6,0b5bcd16c774981a81fed5126ab94511a5e514a222b7bafb6c84cee39506bc03,alu_ilp,pass,1840630,800072,0.434673,e2460cb58f947f1e,fe4b1964ce21abdf,4,133,920464,120009,88,0,920073,7,1,1,63,8,75,76,120009,201,1,1,800076,800073,120009,120005,48,0
fullcache_d1_f1a,fullcache_d1,f1a,1,2,1,1,1,1,291018d9a63efe549be589d1127e424e1118ed8a,49aee136dae56a032b50d74996320f7fdecc1ff9f9771b767e837edd28f25acb,e193e924e846b0102cf58740dace1021d476fb6cdf56c732ec6d4a00a4f42890,ctrl_branch,pass,1840777,690074,0.374882,7fb17010b1b19d67,0617c8083a02b214,13,40226,890467,220011,60234,0,890076,7,20008,2,70,9,92,93,220011,107,1,1,690080,690075,220011,200004,0,0
fullcache_d1_f1a,fullcache_d1,f1a,1,2,1,1,1,1,291018d9a63efe549be589d1127e424e1118ed8a,2311bb6dfe9927c22428dda0cb08e17744e951f1fe28f0c3794a4892125a3b80,8ffba56ab71aef16093baaabe809ae1077cf7dc87b1728cf7a306b405bcbee4f,muldiv,pass,828940,28131,0.033936,215bc87874367184,2f8508123d7fffb6,4,768085,40717,8015,88,0,40130,11,1,1,91,12,107,108,8015,79,2,2,36127,28132,8015,4015,0,0
fullcache_d1_f1a,fullcache_d1,f1a,1,2,1,1,1,1,291018d9a63efe549be589d1127e424e1118ed8a,01f52347582bb256f284835595eaed3b1710ab89ab2e2da33815a0e624fb2846,92c4cf43107a173345475b6ced3048356a6a1f56a4bacbe563e2a5eddf5b9527,mem_seq,pass,3624717,803657,0.221716,826084b57439f54a,6b40dea7a6ade5c3,114714,1787549,918843,172124,1902018,0,918453,6,102386,12337,88495,10256,213465,196770,172124,92,2,2,803682,803658,172124,114778,0,0
fullcache_d1_f1a,fullcache_d1,f1a,1,2,1,1,1,1,291018d9a63efe549be589d1127e424e1118ed8a,609117c2d3de62613a26ba25f11834464414cba77f3165d652d358e81df4416e,587353343730b0048d3c5fb51f3427d0720bf16b47bcc867790019daf049739e,mem_random,timeout,5000000,374163,0.074833,863cbfb03257b6f1,c109a4332b568b5b,8195,4195983,458331,92070,2946736,0,458039,5,4827,79047,590024,42399,640618,347395,92070,166,2,2,458038,374165,92070,6,0,0
fullcache_d1_f1a,fullcache_d1,f1a,1,2,1,1,1,1,291018d9a63efe549be589d1127e424e1118ed8a,5da6f813098f5fdcf3701f925da94de77821183910a3297492ba88c39d67ea73,7c5d126f2e5f91595151f55118733d0eb9dad8c852b20c4ea36b261f144e09f8,mem_ldst,pass,1119046,307280,0.274591,66a8fd217008610e,b536144c404de75f,34824,471314,338445,38923,501995,0,338005,8,36866,4101,32613,266,67703,36960,38923,11,2,2,307288,307281,38923,30726,48,0
fullcache_d1_f1a,fullcache_d1,f1a,1,2,1,1,1,1,291018d9a63efe549be589d1127e424e1118ed8a,01d8124e7e69917227b2ac615c373583bcf2e00db89b10e905d78e2879052039,49fb782bb39c54c13ec9d34b1c028a749347fbc86c1a0b1a36aeca8e9fb5ac70,fp_scalar,pass,174229,65963,0.378599,78dbdb2d365390ea,4078dabba91c60f0,19,16685,79427,12339,320,0,78283,22,1,1,168,23,210,211,12340,52,2,2,66029,65964,12340,12277,0,0
fullcache_d1_f1a,fullcache_d1,f1a,1,2,1,1,1,1,291018d9a63efe549be589d1127e424e1118ed8a,040c8b016b18f4f713cd97239133d87fa4be608d80d5444428cba4cf855aa2f6,e868b221ba0f6d069e08fd29e26aeed380346c54c140ceae23725d2cd4feb98f,fp_fp16,pass,180985,82013,0.453148,f98c0d4c6cd709ec,a8dddf1e0170212e,5,125,90694,8193,129,0,90199,9,0,1,77,10,92,93,8194,2,1,1,82017,82014,8194,8192,0,0
fullcache_d1_f1a,fullcache_d1,f1a,1,2,1,1,1,1,291018d9a63efe549be589d1127e424e1118ed8a,217b415cfabe179b66643abc0fe9746fbbf7d033439e65ebabdcac74644c9974,6ebbd4c33bce14151a78f318bb2a352f496f9def93b6cdd417b91d057db1f7bf,neon_vect,pass,200033,66721,0.33355,3ec03fbc5b7681d0,3ba6dea5f6c76128,4116,41919,78297,10746,45985,0,77454,15,4181,10,183,24,4323,4316,10747,251,1,1,66725,66722,10747,10745,96,0
fullcache_d1_f1a,fullcache_d1,f1a,1,2,1,1,1,1,291018d9a63efe549be589d1127e424e1118ed8a,1155c2f835c3da22b2284657fe71ef9c53e1cb0993c51a14120844f4a65a28a7,a22f6ceaffd2b2c84c7bf85a875c5f1844b7d3d254818aea5fbb0d0f8b2362bc,kernel_crc,pass,133645,56697,0.424236,f3942e45589853c9,4b7827dca661ce52,513,21367,59745,2567,19519,0,59256,9,4332,38,337,46,896,889,2567,7,2,2,56700,56698,2567,2566,48,0
fullcache_d1_f1a,fullcache_d1,f1a,1,2,1,1,1,1,291018d9a63efe549be589d1127e424e1118ed8a,59edebceba4a2d476b000095f622abceea02e0c59f935026e45dd1dc76ac7d54,e800011683cc5415427fbd451d41488be7051910b4abfb3c76c4082e59b42a58,kernel_hash,pass,52302,6521,0.12468,c6c0c405771e67ea,382ce89b02dbde6a,259,38488,8063,1301,5690,0,7819,4,1029,6,78,9,346,339,1301,21,2,2,7553,6522,1301,271,0,0
fullcache_d1_f1a,fullcache_d1,f1a,1,2,1,1,1,1,291018d9a63efe549be589d1127e424e1118ed8a,9a7360a0260aacd62d8721a93defe9b0042995d2230cb4063a2e37f2d3f69a7d,591f07d83da50b47ba57760f75e2fffe40c0dfd0c3821973c300b7c7ae03a8c4,kernel_matmul,pass,439854,66228,0.150568,ef7876e8c2a70833,e3eaeae9367bd84c,1027,307053,75063,8967,62320,0,74709,6,16849,49,392,55,1474,1475,8967,7,2,2,73911,66229,8967,805,0,0
fullcache_d1_f1a,fullcache_d1,f1a,1,2,1,1,1,1,291018d9a63efe549be589d1127e424e1118ed8a,8cb825c569d8000b5bc3a2883bd406bcc6d97d8e041ad887d06adc6336d8c6bd,184eb6e1d8ad80234110b30972e6f60cee240db23d210871690270b9d70518d5,kernel_sort,pass,245278,70932,0.28919,8710701d0b190bf3,d19864be4fb8646a,8575,86245,79513,8592,103135,0,79269,4,8569,5,70,9,8654,8655,8592,144,1,1,70936,70933,8592,8338,0,0
fullcache_d2_f0,fullcache_d2,f0,0,2,1,1,1,2,291018d9a63efe549be589d1127e424e1118ed8a,30d2ef74f7061346b6abbae656eff50e490f3f23317956547b02dceb18a9a8c4,fd70bfab998b564fd78b6dddd0e29ec3814f31409118868c50511cfb3cae6b4b,alu_latency,pass,2500651,750049,0.299941,e02f90ea8089a4f1,0dd7f555d8ef95bf,4,111,1500591,250011,115,0,750045,5,1,1,49,6,59,60,0,0,0,0,0,0,0,0,0,0
fullcache_d2_f0,fullcache_d2,f0,0,2,1,1,1,2,291018d9a63efe549be589d1127e424e1118ed8a,eda9768bf4d4c615f998f64a4b5551cc12074733c4450170696939c1dd990ae6,0b5bcd16c774981a81fed5126ab94511a5e514a222b7bafb6c84cee39506bc03,alu_ilp,pass,2520783,800072,0.31739,e2460cb58f947f1e,fe4b1964ce21abdf,4,106,1600702,120009,110,0,800067,6,1,1,56,7,67,68,0,0,0,0,0,0,0,0,0,0
fullcache_d2_f0,fullcache_d2,f0,0,2,1,1,1,2,291018d9a63efe549be589d1127e424e1118ed8a,49aee136dae56a032b50d74996320f7fdecc1ff9f9771b767e837edd28f25acb,e193e924e846b0102cf58740dace1021d476fb6cdf56c732ec6d4a00a4f42890,ctrl_branch,pass,2330995,690074,0.296043,7fb17010b1b19d67,0617c8083a02b214,13,40266,1420910,220011,60280,0,690068,7,20008,2,70,9,92,93,0,0,0,0,0,0,0,0,0,0
fullcache_d2_f0,fullcache_d2,f0,0,2,1,1,1,2,291018d9a63efe549be589d1127e424e1118ed8a,2311bb6dfe9927c22428dda0cb08e17744e951f1fe28f0c3794a4892125a3b80,8ffba56ab71aef16093baaabe809ae1077cf7dc87b1728cf7a306b405bcbee4f,muldiv,pass,849271,28131,0.033124,215bc87874367184,2f8508123d7fffb6,4,768113,813125,8015,117,0,28121,11,1,1,91,12,107,108,0,0,0,0,0,0,0,0,0,0
fullcache_d2_f0,fullcache_d2,f0,0,2,1,1,1,2,291018d9a63efe549be589d1127e424e1118ed8a,01f52347582bb256f284835595eaed3b1710ab89ab2e2da33815a0e624fb2846,92c4cf43107a173345475b6ced3048356a6a1f56a4bacbe563e2a5eddf5b9527,mem_seq,pass,4608436,803657,0.174388,826084b57439f54a,6b40dea7a6ade5c3,114714,2024907,3632655,172124,2254084,0,803652,6,102386,12337,88495,10256,213465,196770,0,0,0,0,0,0,0,0,0,0
fullcache_d2_f0,fullcache_d2,f0,0,2,1,1,1,2,291018d9a63efe549be589d1127e424e1118ed8a,609117c2d3de62613a26ba25f11834464414cba77f3165d652d358e81df4416e,587353343730b0048d3c5fb51f3427d0720bf16b47bcc867790019daf049739e,mem_random,timeout,5000000,319908,0.063982,5c7b458e951ecafe,c109a4332b568b5b,8195,4042292,4595772,84319,3296853,0,319904,5,4383,71740,535467,38500,582162,316203,0,0,0,0,0,0,0,0,0,0
fullcache_d2_f0,fullcache_d2,f0,0,2,1,1,1,2,291018d9a63efe549be589d1127e424e1118ed8a,5da6f813098f5fdcf3701f925da94de77821183910a3297492ba88c39d67ea73,7c5d126f2e5f91595151f55118733d0eb9dad8c852b20c4ea36b261f144e09f8,mem_ldst,pass,1493457,307280,0.205751,66a8fd217008610e,b536144c404de75f,34824,540318,1147254,38923,591531,0,307273,8,36866,4101,32613,266,67703,36960,0,0,0,0,0,0,0,0,0,0
fullcache_d2_f0,fullcache_d2,f0,0,2,1,1,1,2,291018d9a63efe549be589d1127e424e1118ed8a,01d8124e7e69917227b2ac615c373583bcf2e00db89b10e905d78e2879052039,49fb782bb39c54c13ec9d34b1c028a749347fbc86c1a0b1a36aeca8e9fb5ac70,fp_scalar,pass,228238,65963,0.28901,78dbdb2d365390ea,4078dabba91c60f0,19,16734,149935,12339,370,0,65943,22,1,1,168,23,210,211,0,0,0,0,0,0,0,0,0,0
fullcache_d2_f0,fullcache_d2,f0,0,2,1,1,1,2,291018d9a63efe549be589d1127e424e1118ed8a,040c8b016b18f4f713cd97239133d87fa4be608d80d5444428cba4cf855aa2f6,e868b221ba0f6d069e08fd29e26aeed380346c54c140ceae23725d2cd4feb98f,fp_fp16,pass,254981,82013,0.321644,f98c0d4c6cd709ec,a8dddf1e0170212e,5,125,164774,8193,130,0,82006,9,0,1,77,10,92,93,0,0,0,0,0,0,0,0,0,0
fullcache_d2_f0,fullcache_d2,f0,0,2,1,1,1,2,291018d9a63efe549be589d1127e424e1118ed8a,217b415cfabe179b66643abc0fe9746fbbf7d033439e65ebabdcac74644c9974,6ebbd4c33bce14151a78f318bb2a352f496f9def93b6cdd417b91d057db1f7bf,neon_vect,pass,262306,66721,0.254363,3caef22144f0b28a,3ba6dea5f6c76128,4116,50494,184838,10746,54657,0,66708,15,4181,10,183,24,4323,4316,0,0,0,0,0,0,0,0,0,0
fullcache_d2_f0,fullcache_d2,f0,0,2,1,1,1,2,291018d9a63efe549be589d1127e424e1118ed8a,1155c2f835c3da22b2284657fe71ef9c53e1cb0993c51a14120844f4a65a28a7,a22f6ceaffd2b2c84c7bf85a875c5f1844b7d3d254818aea5fbb0d0f8b2362bc,kernel_crc,pass,191715,56697,0.295736,f3942e45589853c9,4b7827dca661ce52,513,20744,132451,2567,21001,0,56689,9,4332,38,337,46,896,889,0,0,0,0,0,0,0,0,0,0
fullcache_d2_f0,fullcache_d2,f0,0,2,1,1,1,2,291018d9a63efe549be589d1127e424e1118ed8a,59edebceba4a2d476b000095f622abceea02e0c59f935026e45dd1dc76ac7d54,e800011683cc5415427fbd451d41488be7051910b4abfb3c76c4082e59b42a58,kernel_hash,pass,58077,6521,0.112282,c6c0c405771e67ea,382ce89b02dbde6a,259,37928,50255,1301,6164,0,6518,4,1029,6,78,9,346,339,0,0,0,0,0,0,0,0,0,0
fullcache_d2_f0,fullcache_d2,f0,0,2,1,1,1,2,291018d9a63efe549be589d1127e424e1118ed8a,9a7360a0260aacd62d8721a93defe9b0042995d2230cb4063a2e37f2d3f69a7d,591f07d83da50b47ba57760f75e2fffe40c0dfd0c3821973c300b7c7ae03a8c4,kernel_matmul,pass,509256,66228,0.130049,ef7876e8c2a70833,e3eaeae9367bd84c,1027,309358,434061,8967,65137,0,66223,6,16849,49,392,55,1474,1475,0,0,0,0,0,0,0,0,0,0
fullcache_d2_f0,fullcache_d2,f0,0,2,1,1,1,2,291018d9a63efe549be589d1127e424e1118ed8a,8cb825c569d8000b5bc3a2883bd406bcc6d97d8e041ad887d06adc6336d8c6bd,184eb6e1d8ad80234110b30972e6f60cee240db23d210871690270b9d70518d5,kernel_sort,pass,328035,70932,0.216233,8710701d0b190bf3,d19864be4fb8646a,8575,106347,248511,8592,123494,0,70929,4,8569,5,70,9,8654,8655,0,0,0,0,0,0,0,0,0,0
fullcache_d2_f1a,fullcache_d2,f1a,1,2,1,1,1,2,291018d9a63efe549be589d1127e424e1118ed8a,30d2ef74f7061346b6abbae656eff50e490f3f23317956547b02dceb18a9a8c4,fd70bfab998b564fd78b6dddd0e29ec3814f31409118868c50511cfb3cae6b4b,alu_latency,pass,2000616,750049,0.374909,e02f90ea8089a4f1,0dd7f555d8ef95bf,4,113,1000443,250011,116,0,1000054,5,1,1,49,6,59,60,250011,155,1,1,750053,750050,250011,250007,0,0
fullcache_d2_f1a,fullcache_d2,f1a,1,2,1,1,1,2,291018d9a63efe549be589d1127e424e1118ed8a,eda9768bf4d4c615f998f64a4b5551cc12074733c4450170696939c1dd990ae6,0b5bcd16c774981a81fed5126ab94511a5e514a222b7bafb6c84cee39506bc03,alu_ilp,pass,1840786,800072,0.434636,e2460cb58f947f1e,fe4b1964ce21abdf,4,170,920601,120009,107,0,920073,7,1,1,63,8,75,76,120009,201,1,1,800076,800073,120009,120005,66,0
fullcache_d2_f1a,fullcache_d2,f1a,1,2,1,1,1,2,291018d9a63efe549be589d1127e424e1118ed8a,49aee136dae56a032b50d74996320f7fdecc1ff9f9771b767e837edd28f25acb,e193e924e846b0102cf58740dace1021d476fb6cdf56c732ec6d4a00a4f42890,ctrl_branch,pass,1840959,690074,0.374845,7fb17010b1b19d67,0617c8083a02b214,13,40285,890590,220011,60293,0,890076,7,20008,2,70,9,92,93,220011,107,1,1,690080,690075,220011,200004,0,0
fullcache_d2_f1a,fullcache_d2,f1a,1,2,1,1,1,2,291018d9a63efe549be589d1127e424e1118ed8a,2311bb6dfe9927c22428dda0cb08e17744e951f1fe28f0c3794a4892125a3b80,8ffba56ab71aef16093baaabe809ae1077cf7dc87b1728cf7a306b405bcbee4f,muldiv,pass,829167,28131,0.033927,215bc87874367184,2f8508123d7fffb6,4,768108,40921,8015,111,0,40130,11,1,1,91,12,107,108,8015,79,2,2,36127,28132,8015,4015,0,0
fullcache_d2_f1a,fullcache_d2,f1a,1,2,1,1,1,2,291018d9a63efe549be589d1127e424e1118ed8a,01f52347582bb256f284835595eaed3b1710ab89ab2e2da33815a0e624fb2846,92c4cf43107a173345475b6ced3048356a6a1f56a4bacbe563e2a5eddf5b9527,mem_seq,pass,4000395,803657,0.200894,826084b57439f54a,6b40dea7a6ade5c3,114714,2163139,918955,172124,2277608,0,918453,6,102386,12337,88495,10256,213465,196770,172124,92,2,2,803682,803658,172124,114778,0,0
fullcache_d2_f1a,fullcache_d2,f1a,1,2,1,1,1,2,291018d9a63efe549be589d1127e424e1118ed8a,609117c2d3de62613a26ba25f11834464414cba77f3165d652d358e81df4416e,587353343730b0048d3c5fb51f3427d0720bf16b47bcc867790019daf049739e,mem_random,timeout,5000000,333415,0.066683,315023745c7805b3,c109a4332b568b5b,8195,4271560,411862,86248,3400678,0,411469,5,4495,73558,549026,39478,596699,324022,86248,232,2,2,411469,333416,86248,6,0,0
fullcache_d2_f1a,fullcache_d2,f1a,1,2,1,1,1,2,291018d9a63efe549be589d1127e424e1118ed8a,5da6f813098f5fdcf3701f925da94de77821183910a3297492ba88c39d67ea73,7c5d126f2e5f91595151f55118733d0eb9dad8c852b20c4ea36b261f144e09f8,mem_ldst,pass,1186802,307280,0.258914,66a8fd217008610e,b536144c404de75f,34824,538943,338597,38923,569599,0,338005,8,36866,4101,32613,266,67703,36960,38923,11,2,2,307288,307281,38923,30726,73,0
fullcache_d2_f1a,fullcache_d2,f1a,1,2,1,1,1,2,291018d9a63efe549be589d1127e424e1118ed8a,01d8124e7e69917227b2ac615c373583bcf2e00db89b10e905d78e2879052039,49fb782bb39c54c13ec9d34b1c028a749347fbc86c1a0b1a36aeca8e9fb5ac70,fp_scalar,pass,174654,65963,0.377678,78dbdb2d365390ea,4078dabba91c60f0,19,16782,79799,12339,417,0,78283,22,1,1,168,23,210,211,12340,52,2,2,66029,65964,12340,12277,0,0
fullcache_d2_f1a,fullcache_d2,f1a,1,2,1,1,1,2,291018d9a63efe549be589d1127e424e1118ed8a,040c8b016b18f4f713cd97239133d87fa4be608d80d5444428cba4cf855aa2f6,e868b221ba0f6d069e08fd29e26aeed380346c54c140ceae23725d2cd4feb98f,fp_fp16,pass,181174,82013,0.452675,f98c0d4c6cd709ec,a8dddf1e0170212e,5,164,90860,8193,168,0,90199,9,0,1,77,10,92,93,8194,2,1,1,82017,82014,8194,8192,0,0
fullcache_d2_f1a,fullcache_d2,f1a,1,2,1,1,1,2,291018d9a63efe549be589d1127e424e1118ed8a,217b415cfabe179b66643abc0fe9746fbbf7d033439e65ebabdcac74644c9974,6ebbd4c33bce14151a78f318bb2a352f496f9def93b6cdd417b91d057db1f7bf,neon_vect,pass,210951,66721,0.316287,3ec03fbc5b7681d0,3ba6dea5f6c76128,4116,52633,78572,10746,56672,0,77454,15,4181,10,183,24,4323,4316,10747,251,1,1,66725,66722,10747,10745,123,0
fullcache_d2_f1a,fullcache_d2,f1a,1,2,1,1,1,2,291018d9a63efe549be589d1127e424e1118ed8a,1155c2f835c3da22b2284657fe71ef9c53e1cb0993c51a14120844f4a65a28a7,a22f6ceaffd2b2c84c7bf85a875c5f1844b7d3d254818aea5fbb0d0f8b2362bc,kernel_crc,pass,135165,56697,0.419465,f3942e45589853c9,4b7827dca661ce52,513,22748,59905,2567,20879,0,59256,9,4332,38,337,46,896,889,2567,7,2,2,56700,56698,2567,2566,69,0
fullcache_d2_f1a,fullcache_d2,f1a,1,2,1,1,1,2,291018d9a63efe549be589d1127e424e1118ed8a,59edebceba4a2d476b000095f622abceea02e0c59f935026e45dd1dc76ac7d54,e800011683cc5415427fbd451d41488be7051910b4abfb3c76c4082e59b42a58,kernel_hash,pass,52951,6521,0.123152,c6c0c405771e67ea,382ce89b02dbde6a,259,39046,8154,1301,6248,0,7819,4,1029,6,78,9,346,339,1301,21,2,2,7553,6522,1301,271,0,0
fullcache_d2_f1a,fullcache_d2,f1a,1,2,1,1,1,2,291018d9a63efe549be589d1127e424e1118ed8a,9a7360a0260aacd62d8721a93defe9b0042995d2230cb4063a2e37f2d3f69a7d,591f07d83da50b47ba57760f75e2fffe40c0dfd0c3821973c300b7c7ae03a8c4,kernel_matmul,pass,442703,66228,0.149599,ef7876e8c2a70833,e3eaeae9367bd84c,1027,309786,75201,8967,65053,0,74709,6,16849,49,392,55,1474,1475,8967,7,2,2,73911,66229,8967,805,0,0
fullcache_d2_f1a,fullcache_d2,f1a,1,2,1,1,1,2,291018d9a63efe549be589d1127e424e1118ed8a,8cb825c569d8000b5bc3a2883bd406bcc6d97d8e041ad887d06adc6336d8c6bd,184eb6e1d8ad80234110b30972e6f60cee240db23d210871690270b9d70518d5,kernel_sort,pass,264914,70932,0.267755,8710701d0b190bf3,d19864be4fb8646a,8575,105792,79602,8592,122682,0,79269,4,8569,5,70,9,8654,8655,8592,144,1,1,70936,70933,8592,8338,0,0
